Player,BPM,Season
Mikal Bridges,0.5,2022
Miles Bridges,1.8,2022
DeMar DeRozan,3.4,2022
Jayson Tatum,4.3,2022
Saddiq Bey,0.9,2022
Tyrese Haliburton,2.7,2022
Tyrese Haliburton,2.2,2022
Tyrese Haliburton,3.8,2022
Russell Westbrook,-0.7,2022
Trae Young,7.1,2022
Tyrese Maxey,1.3,2022
Dorian Finney-Smith,0.1,2022
Scottie Barnes,0.5,2022
Harrison Barnes,1.5,2022
Pascal Siakam,2.7,2022
Julius Randle,0.4,2022
Tobias Harris,0.6,2022
Jalen Brunson,0.9,2022
Buddy Hield,0.5,2022
Buddy Hield,0.2,2022
Buddy Hield,1.1,2022
Nikola Jokić,9.2,2022
Karl-Anthony Towns,4.5,2022
Anthony Edwards,1.6,2022
Fred VanVleet,3.1,2022
Terry Rozier,2.4,2022
Gary Trent Jr.,-0.1,2022
Darius Garland,3.4,2022
Franz Wagner,-0.4,2022
LaMelo Ball,3.3,2022
James Harden,3.7,2022
James Harden,3.7,2022
James Harden,3.8,2022
Nikola Vučević,0.8,2022
RJ Barrett,-0.3,2022
Royce O'Neale,-0.8,2022
Keldon Johnson,0.7,2022
Aaron Gordon,0.5,2022
Dejounte Murray,3.7,2022
Evan Fournier,-0.4,2022
Patty Mills,-0.3,2022
Devin Booker,3.9,2022
Reggie Jackson,-1.4,2022
Herbert Jones,-2.0,2022
Evan Mobley,-0.9,2022
Kentavious Caldwell-Pope,-0.9,2022
Andrew Wiggins,0.3,2022
Zach LaVine,3.9,2022
Alec Burks,-0.4,2022
Terance Mann,-0.8,2022
Luka Dončić,6.4,2022
Joel Embiid,7.2,2022
Marcus Smart,-1.2,2022
Jordan Poole,1.3,2022
Will Barton,0.4,2022
Desmond Bane,2.5,2022
Donovan Mitchell,4.6,2022
Jonas Valančiūnas,2.0,2022
Monte Morris,0.8,2022
Jaylen Brown,1.9,2022
Stephen Curry,5.4,2022
Jrue Holiday,2.9,2022
Giannis Antetokounmpo,7.6,2022
Kyle Kuzma,0.2,2022
Derrick White,0.4,2022
Derrick White,1.2,2022
Derrick White,-1.4,2022
Kevin Huerter,-0.5,2022
Devonte' Graham,0.2,2022
Tyler Herro,1.6,2022
CJ McCollum,3.2,2022
CJ McCollum,1.8,2022
CJ McCollum,5.3,2022
Jordan Clarkson,0.5,2022
Khris Middleton,1.9,2022
Malik Monk,0.5,2022
Chris Paul,3.1,2022
Jalen Green,-0.5,2022
Domantas Sabonis,3.2,2022
Domantas Sabonis,3.6,2022
Domantas Sabonis,1.8,2022
Seth Curry,0.3,2022
Seth Curry,-0.1,2022
Seth Curry,1.5,2022
Kyle Lowry,1.1,2022
Bojan Bogdanović,1.6,2022
Jaren Jackson Jr.,-0.9,2022
Rudy Gobert,2.9,2022
Ayo Dosunmu,-1.9,2022
Christian Wood,2.1,2022
Cade Cunningham,-1.1,2022
LeBron James,6.9,2022
De'Aaron Fox,0.6,2022
D'Angelo Russell,2.2,2022
Davion Mitchell,-2.1,2022
Cole Anthony,-0.6,2022
Mike Conley,2.4,2022
Justin Holiday,-1.4,2022
Justin Holiday,-0.8,2022
Justin Holiday,-2.6,2022
Jae'Sean Tate,-1.3,2022
Kevin Durant,6.4,2022
Duncan Robinson,-0.3,2022
Clint Capela,2.1,2022
Bobby Portis,1.2,2022
Al Horford,1.4,2022
Steven Adams,1.0,2022
Kelly Oubre Jr.,0.2,2022
Deni Avdija,-2.1,2022
P.J. Tucker,-0.8,2022
Isaac Okoro,-2.4,2022
Spencer Dinwiddie,0.8,2022
Spencer Dinwiddie,-0.2,2022
Spencer Dinwiddie,2.8,2022
Malik Beasley,0.7,2022
Jakob Poeltl,0.9,2022
Shai Gilgeous-Alexander,2.9,2022
Robert Covington,-1.6,2022
Robert Covington,-2.8,2022
Robert Covington,1.9,2022
Devin Vassell,-0.5,2022
Jimmy Butler,4.5,2022
Darius Bazley,-2.1,2022
Luke Kennard,0.8,2022
Kevin Porter Jr.,-0.1,2022
Reggie Bullock,-1.4,2022
Ja Morant,6.2,2022
Jae Crowder,-1.3,2022
Jarred Vanderbilt,-0.8,2022
Lauri Markkanen,0.4,2022
Grant Williams,-1.4,2022
Brandon Ingram,2.6,2022
Cody Martin,-1.2,2022
Ivica Zubac,-0.1,2022
Wendell Carter Jr.,1.0,2022
Jeff Green,-1.2,2022
Mitchell Robinson,1.0,2022
Bogdan Bogdanović,1.5,2022
Dennis Schröder,-1.5,2022
Dennis Schröder,-1.2,2022
Dennis Schröder,-2.5,2022
Bam Adebayo,1.7,2022
Mo Bamba,-0.2,2022
Isaiah Stewart,-2.5,2022
Jarrett Allen,2.7,2022
Grayson Allen,0.6,2022
Robert Williams,2.4,2022
Jaden McDaniels,-2.9,2022
Immanuel Quickley,0.2,2022
Corey Kispert,-0.8,2022
Dwight Powell,0.4,2022
Mason Plumlee,-1.5,2022
Carmelo Anthony,0.4,2022
Josh Hart,0.5,2022
Josh Hart,-0.2,2022
Josh Hart,2.7,2022
Caris LeVert,0.0,2022
Caris LeVert,1.0,2022
Caris LeVert,-2.1,2022
Bruce Brown,-0.4,2022
P.J. Washington,-0.2,2022
Chuma Okeke,-1.6,2022
Georges Niang,-0.8,2022
Kevon Looney,-0.9,2022
Cameron Johnson,2.0,2022
Gary Harris,-2.0,2022
OG Anunoby,0.4,2022
Precious Achiuwa,-2.0,2022
Deandre Ayton,2.2,2022
Garrison Mathews,-1.3,2022
Josh Giddey,-1.2,2022
Pat Connaughton,0.8,2022
Chris Boucher,0.5,2022
Matisse Thybulle,-2.2,2022
Anfernee Simons,1.9,2022
Coby White,-0.4,2022
Danilo Gallinari,1.0,2022
Eric Gordon,-0.1,2022
Kevin Love,4.4,2022
Luguentz Dort,-1.5,2022
John Collins,1.5,2022
De'Anthony Melton,0.3,2022
KJ Martin,0.0,2022
Killian Hayes,-4.3,2022
Montrezl Harrell,3.7,2022
Montrezl Harrell,4.3,2022
Montrezl Harrell,2.6,2022
Lonnie Walker IV,-1.2,2022
Cory Joseph,-2.0,2022
Josh Richardson,-0.6,2022
Josh Richardson,-1.0,2022
Josh Richardson,0.1,2022
Torrey Craig,-1.7,2022
Torrey Craig,-1.6,2022
Torrey Craig,-1.9,2022
Gabe Vincent,-1.9,2022
Max Strus,1.4,2022
Jusuf Nurkić,0.1,2022
De'Andre Hunter,-2.4,2022
Amir Coffey,-0.3,2022
Oshae Brissett,-0.5,2022
Marcus Morris,-0.3,2022
Gordon Hayward,0.1,2022
Tyus Jones,1.2,2022
Chris Duarte,-1.2,2022
Trey Lyles,0.5,2022
Trey Lyles,0.5,2022
Trey Lyles,0.7,2022
Javonte Green,-0.6,2022
Talen Horton-Tucker,-3.2,2022
Jerami Grant,1.4,2022
Alperen Şengün,-1.6,2022
Kyle Anderson,-0.9,2022
Kristaps Porziņģis,3.3,2022
Kristaps Porziņģis,2.2,2022
Kristaps Porziņģis,5.4,2022
Austin Rivers,-3.5,2022
Patrick Beverley,0.6,2022
Nickeil Alexander-Walker,-1.8,2022
Nickeil Alexander-Walker,-1.7,2022
Nickeil Alexander-Walker,-2.9,2022
Cedi Osman,-0.3,2022
Nicolas Batum,0.5,2022
Norman Powell,1.2,2022
Norman Powell,0.6,2022
Norman Powell,7.8,2022
Delon Wright,-0.2,2022
Maxi Kleber,-1.6,2022
Terrence Ross,-2.5,2022
Daniel Gafford,1.1,2022
Bradley Beal,2.0,2022
Landry Shamet,-0.9,2022
Andre Drummond,-0.1,2022
Andre Drummond,-1.2,2022
Andre Drummond,1.7,2022
Austin Reaves,-1.3,2022
Furkan Korkmaz,-2.0,2022
Avery Bradley,-3.5,2022
Anthony Davis,2.6,2022
R.J. Hampton,-4.0,2022
Jaxson Hayes,0.6,2022
Otto Porter Jr.,1.0,2022
Raul Neto,-2.5,2022
Caleb Martin,0.1,2022
Tre Mann,-3.3,2022
Eric Bledsoe,-2.1,2022
Danny Green,-1.4,2022
Ziaire Williams,-2.4,2022
Josh Christopher,-2.2,2022
Draymond Green,-1.4,2022
Bones Hyland,0.3,2022
Jalen Suggs,-5.3,2022
John Konchar,0.2,2022
Bryn Forbes,-0.7,2022
Bryn Forbes,-0.3,2022
Bryn Forbes,-1.1,2022
Ben McLemore,-0.7,2022
Chimezie Metu,-1.6,2022
Cameron Payne,-0.4,2022
Hamidou Diallo,-1.2,2022
Damion Lee,-2.4,2022
George Hill,-2.2,2022
Gary Payton II,0.3,2022
Brandon Clarke,3.1,2022
Tim Hardaway Jr.,-0.4,2022
Drew Eubanks,-0.5,2022
Drew Eubanks,-1.9,2022
Drew Eubanks,0.8,2022
Myles Turner,0.1,2022
Aleksej Pokusevski,-2.7,2022
Obi Toppin,1.7,2022
Doug McDermott,-0.4,2022
Isaiah Hartenstein,1.4,2022
Naz Reid,-0.5,2022
Lonzo Ball,0.9,2022
Aaron Wiggins,-3.4,2022
Malcolm Brogdon,2.8,2022
James Johnson,-2.7,2022
Jonathan Kuminga,-1.3,2022
Jordan Nwora,-2.7,2022
Facundo Campazzo,-2.1,2022
Shake Milton,-1.6,2022
Taurean Prince,-1.0,2022
Cam Thomas,-2.0,2022
CJ Elleby,-3.8,2022
JaVale McGee,-0.1,2022
Frank Jackson,-1.8,2022
Hassan Whiteside,0.6,2022
Tre Jones,-0.9,2022
Alex Caruso,-2.2,2022
Marvin Bagley III,-0.5,2022
Marvin Bagley III,-1.1,2022
Marvin Bagley III,0.4,2022
Nemanja Bjelica,-0.9,2022
Ish Smith,-2.2,2022
Ish Smith,-3.7,2022
Ish Smith,-0.9,2022
Joe Ingles,-0.7,2022
Garrett Temple,-2.8,2022
Stanley Johnson,-2.8,2022
Kyrie Irving,4.2,2022
Nassir Little,-0.9,2022
Jeremiah Robinson-Earl,-1.9,2022
JaMychal Green,-2.0,2022
Paul George,1.8,2022
Richaun Holmes,-0.4,2022
Kenrich Williams,-1.3,2022
Dewayne Dedmon,-2.2,2022
Damian Lillard,4.0,2022
Troy Brown Jr.,-1.7,2022
LaMarcus Aldridge,1.3,2022
Larry Nance Jr.,-0.4,2022
Larry Nance Jr.,-0.3,2022
Larry Nance Jr.,-1.1,2022
Josh Green,-2.4,2022
Rudy Gay,-0.7,2022
DeAndre' Bembry,-2.2,2022
DeAndre' Bembry,-2.0,2022
DeAndre' Bembry,-4.4,2022
Aaron Holiday,-1.9,2022
Aaron Holiday,-2.4,2022
Aaron Holiday,-1.0,2022
Damian Jones,-0.2,2022
Lamar Stevens,-3.2,2022
Cam Reddish,-1.0,2022
Cam Reddish,-0.8,2022
Cam Reddish,-2.0,2022
Donte DiVincenzo,-1.8,2022
Donte DiVincenzo,-3.8,2022
Donte DiVincenzo,-0.8,2022
Wesley Matthews,-3.0,2022
Payton Pritchard,1.7,2022
Juan Toscano-Anderson,-3.3,2022
Onyeka Okongwu,0.0,2022
Khem Birch,-1.7,2022
Kessler Edwards,-3.1,2022
Dean Wade,-1.9,2022
Daniel Theis,-1.9,2022
Daniel Theis,-2.6,2022
Daniel Theis,-1.0,2022
Jaylen Nowell,1.5,2022
Nic Claxton,0.3,2022
Dwight Howard,-0.2,2022
Ricky Rubio,-1.0,2022
Duane Washington Jr.,-1.9,2022
Joshua Primo,-3.8,2022
Moritz Wagner,1.5,2022
Blake Griffin,-0.6,2022
Keita Bates-Diop,-2.1,2022
Isaiah Roby,0.4,2022
Kemba Walker,0.7,2022
Taj Gibson,-3.0,2022
Rui Hachimura,0.2,2022
Klay Thompson,2.6,2022
Jeremy Lamb,-0.4,2022
Jeremy Lamb,-0.2,2022
Jeremy Lamb,-0.6,2022
Jalen Smith,0.9,2022
Jalen Smith,-1.9,2022
Jalen Smith,2.9,2022
Théo Maledon,-3.7,2022
Tomáš Satoranský,-3.3,2022
Tomáš Satoranský,-5.1,2022
Tomáš Satoranský,0.8,2022
Tomáš Satoranský,-1.4,2022
Jevon Carter,-1.8,2022
Jevon Carter,-3.6,2022
Jevon Carter,0.9,2022
Jordan McLaughlin,-1.2,2022
Derrick Jones Jr.,-1.5,2022
Tristan Thompson,-1.6,2022
Tristan Thompson,-2.0,2022
Tristan Thompson,-3.2,2022
Tristan Thompson,-0.9,2022
Jalen McDaniels,-1.9,2022
Dillon Brooks,-1.0,2022
D.J. Augustin,-1.2,2022
D.J. Augustin,-1.4,2022
D.J. Augustin,-1.0,2022
Serge Ibaka,-1.3,2022
Serge Ibaka,-1.3,2022
Serge Ibaka,-1.4,2022
Trendon Watford,-1.4,2022
Trey Murphy III,0.2,2022
Maurice Harkless,-3.7,2022
Thaddeus Young,0.1,2022
Thaddeus Young,0.5,2022
Thaddeus Young,-0.2,2022
Armoni Brooks,-2.6,2022
Armoni Brooks,-2.6,2022
Armoni Brooks,-2.8,2022
Willy Hernangómez,1.8,2022
Jose Alvarado,-0.5,2022
Josh Jackson,-4.1,2022
Josh Jackson,-3.5,2022
Josh Jackson,-7.2,2022
Tony Snell,-3.4,2022
Tony Snell,-4.1,2022
Tony Snell,-2.0,2022
Lance Stephenson,-1.6,2022
Lance Stephenson,-6.8,2022
Lance Stephenson,-1.1,2022
Wayne Ellington,-0.7,2022
Dāvis Bertāns,-1.7,2022
Dāvis Bertāns,-2.5,2022
Dāvis Bertāns,-0.4,2022
Ty Jerome,-2.2,2022
Lou Williams,-2.0,2022
Quentin Grimes,-1.2,2022
Justise Winslow,-2.7,2022
Justise Winslow,-3.5,2022
Justise Winslow,-1.3,2022
Romeo Langford,-2.3,2022
Romeo Langford,-2.3,2022
Romeo Langford,-3.8,2022
Trent Forrest,-2.3,2022
Kelly Olynyk,0.5,2022
Brandon Boston Jr.,-3.0,2022
Rodney McGruder,-0.7,2022
Eric Paschall,0.5,2022
Naji Marshall,-2.7,2022
Goga Bitadze,-0.2,2022
Danuel House Jr.,-1.3,2022
Danuel House Jr.,-4.8,2022
Danuel House Jr.,-12.6,2022
Danuel House Jr.,0.5,2022
DeMarcus Cousins,-1.8,2022
DeMarcus Cousins,-0.3,2022
DeMarcus Cousins,-2.8,2022
Svi Mykhailiuk,-2.7,2022
Terry Taylor,2.1,2022
Rodney Hood,-3.0,2022
Rodney Hood,-3.2,2022
Rodney Hood,-1.8,2022
Omer Yurtseven,-1.4,2022
Xavier Tillman Sr.,-1.1,2022
Zeke Nnaji,-0.7,2022
Keon Johnson,-4.0,2022
Keon Johnson,-6.0,2022
Keon Johnson,-3.5,2022
Rajon Rondo,-2.4,2022
Rajon Rondo,-4.8,2022
Rajon Rondo,-0.7,2022
Dalano Banton,-3.5,2022
Vit Krejci,-4.3,2022
Frank Ntilikina,-2.8,2022
Timothé Luwawu-Cabarrot,-2.3,2022
Davon Reed,-0.6,2022
Derrick Favors,-2.3,2022
T.J. McConnell,-0.4,2022
Greg Brown III,-4.0,2022
Brandon Williams,-2.6,2022
Dennis Smith Jr.,-2.8,2022
Derrick Rose,2.3,2022
Sterling Brown,-3.4,2022
DeAndre Jordan,-1.5,2022
DeAndre Jordan,-1.5,2022
DeAndre Jordan,-1.6,2022
Alex Len,-3.2,2022
Robin Lopez,-2.4,2022
Isaiah Joe,-3.1,2022
David Nwaba,-0.6,2022
Moses Moody,-1.4,2022
Saben Lee,-1.9,2022
Andre Iguodala,-0.9,2022
Mike Muscala,3.8,2022
Jock Landale,0.7,2022
Aaron Nesmith,-4.9,2022
Keifer Sykes,-4.4,2022
Nerlens Noel,-3.1,2022
Jericho Sims,-2.8,2022
Tony Bradley,-2.0,2022
Elfrid Payton,-4.6,2022
Kent Bazemore,-5.1,2022
Isaiah Jackson,-1.6,2022
Malachi Flynn,-1.8,2022
Ignas Brazdeikis,-2.7,2022
Terence Davis,-0.6,2022
Josh Okogie,-3.7,2022
Bismack Biyombo,-1.7,2022
Brandon Goodwin,-2.6,2022
Zach Collins,-1.2,2022
Goran Dragić,-2.8,2022
Goran Dragić,-0.6,2022
Goran Dragić,-3.3,2022
Thanasis Antetokounmpo,-3.5,2022
Admiral Schofield,-4.2,2022
Lindy Waters III,-0.8,2022
Anthony Gill,-0.6,2022
Trevor Ariza,-3.3,2022
Killian Tillie,-3.8,2022
Dylan Windler,-3.0,2022
Matt Thomas,-1.2,2022
Kelan Martin,-2.6,2022
Kelan Martin,-2.4,2022
Kelan Martin,-14.7,2022
Yuta Watanabe,-1.9,2022
Juancho Hernangómez,-0.7,2022
Juancho Hernangómez,-6.9,2022
Juancho Hernangómez,-2.4,2022
Juancho Hernangómez,1.5,2022
Trey Burke,-3.6,2022
Thomas Bryant,-0.4,2022
Elijah Hughes,-5.2,2022
Elijah Hughes,-1.2,2022
Elijah Hughes,-6.6,2022
Joe Harris,-0.9,2022
Patrick Williams,-0.9,2022
Olivier Sarr,-2.7,2022
Enes Freedom,-1.2,2022
Sandro Mamukelashvili,0.6,2022
Semi Ojeleye,-4.1,2022
Semi Ojeleye,-4.9,2022
Semi Ojeleye,-1.7,2022
Day'Ron Sharpe,-0.3,2022
Luka Garza,-0.5,2022
Isaiah Livers,-1.3,2022
Gary Clark,0.1,2022
Paul Millsap,-3.7,2022
Paul Millsap,-3.6,2022
Paul Millsap,-4.1,2022
Miles McBride,-5.5,2022
Chris Chiozza,-5.7,2022
Gorgui Dieng,1.4,2022
Nick Richards,-2.6,2022
Jared Butler,-2.3,2022
Santi Aldama,-4.2,2022
Markelle Fultz,-0.1,2022
Ish Wainright,-3.0,2022
Wenyen Gabriel,-3.7,2022
Wenyen Gabriel,-1.9,2022
Wenyen Gabriel,-6.6,2022
Wenyen Gabriel,-3.3,2022
Cody Zeller,-1.2,2022
Keljin Blevins,-5.6,2022
Marquese Chriss,-3.8,2022
Moses Brown,-2.4,2022
Moses Brown,-4.7,2022
Moses Brown,-0.2,2022
Kira Lewis Jr.,-2.8,2022
David Duke Jr.,-3.0,2022
PJ Dozier,-3.0,2022
Jarrett Culver,-5.7,2022
Kris Dunn,-4.6,2022
Isaiah Thomas,-1.9,2022
Isaiah Thomas,-6.0,2022
Isaiah Thomas,-0.6,2022
Isaiah Thomas,-0.1,2022
Brad Wanamaker,-5.3,2022
Brad Wanamaker,-5.6,2022
Brad Wanamaker,-1.8,2022
Collin Sexton,-3.5,2022
Justin Anderson,-1.9,2022
Justin Anderson,-3.0,2022
Justin Anderson,-1.7,2022
James Bouknight,-3.4,2022
Justin Robinson,-6.4,2022
Justin Robinson,-6.3,2022
Justin Robinson,-18.5,2022
Justin Robinson,-4.7,2022
Paul Reed,-0.8,2022
Markieff Morris,-1.5,2022
Brook Lopez,-0.7,2022
Justin Champagnie,-1.3,2022
Nathan Knight,-0.7,2022
Michael Porter Jr.,-3.9,2022
JT Thor,-3.1,2022
Daishen Nix,-5.4,2022
KZ Okpala,-3.2,2022
Leandro Bolmaro,-5.1,2022
Jaylen Hoard,1.2,2022
Usman Garuba,-1.8,2022
Mychal Mulder,-5.9,2022
Mychal Mulder,-6.9,2022
Mychal Mulder,-1.3,2022
Jake Layman,-3.3,2022
Denzel Valentine,-3.1,2022
Denzel Valentine,-2.7,2022
Denzel Valentine,-8.1,2022
Kevin Knox,-1.9,2022
Kevin Knox,0.5,2022
Kevin Knox,-4.4,2022
Skylar Mays,-1.2,2022
Georgios Kalaitzakis,-5.1,2022
Georgios Kalaitzakis,-5.8,2022
Georgios Kalaitzakis,-4.9,2022
Malcolm Hill,-1.1,2022
Malcolm Hill,0.3,2022
Malcolm Hill,-1.5,2022
Tim Frazier,-6.8,2022
Tim Frazier,-6.4,2022
Tim Frazier,-17.8,2022
Alfonzo McKinnie,-5.6,2022
Joe Wieskamp,-2.9,2022
Ed Davis,-4.2,2022
Tyler Cook,-3.0,2022
Javonte Smart,-5.9,2022
Javonte Smart,-7.3,2022
Javonte Smart,-0.2,2022
Lindell Wigginton,-3.2,2022
Braxton Key,-3.8,2022
Braxton Key,-9.5,2022
Braxton Key,-3.7,2022
Udoka Azubuike,-1.8,2022
Greg Monroe,-0.3,2022
Greg Monroe,-0.3,2022
Greg Monroe,-0.1,2022
Greg Monroe,-2.2,2022
Greg Monroe,4.6,2022
Mamadi Diakite,-5.9,2022
Reggie Perry,-3.1,2022
Reggie Perry,-2.8,2022
Reggie Perry,-7.7,2022
Kyle Guy,-3.1,2022
Willie Cauley-Stein,-4.1,2022
Willie Cauley-Stein,-4.1,2022
Willie Cauley-Stein,-4.6,2022
Frank Kaminsky,2.4,2022
Charlie Brown Jr.,-5.2,2022
Charlie Brown Jr.,-7.7,2022
Charlie Brown Jr.,-5.0,2022
Markus Howard,0.8,2022
Vlatko Čančar,-0.9,2022
Jamorko Pickett,-2.8,2022
Zavier Simpson,-6.0,2022
Victor Oladipo,1.8,2022
Hassani Gravett,-2.4,2022
Charles Bassey,-0.4,2022
Alize Johnson,-3.6,2022
Alize Johnson,-3.4,2022
Alize Johnson,-7.7,2022
Alize Johnson,-1.9,2022
Kevin Pangos,-4.7,2022
Haywood Highsmith,-3.3,2022
Sam Hauser,2.7,2022
Paul Watson,-4.8,2022
Cassius Stanley,-4.9,2022
Bruno Fernando,-0.4,2022
Bruno Fernando,-3.2,2022
Bruno Fernando,1.3,2022
Theo Pinson,-1.5,2022
Abdel Nader,-7.1,2022
Devin Cannady,-2.8,2022
Solomon Hill,-5.2,2022
Xavier Moon,-1.1,2022
Jahmi'us Ramsey,-3.5,2022
Didi Louzada,-4.1,2022
Didi Louzada,-4.1,2022
Didi Louzada,-4.1,2022
Boban Marjanović,-3.2,2022
Marcus Garrett,-6.4,2022
Jay Scrubb,-4.4,2022
Devontae Cacok,0.7,2022
Jalen Johnson,-3.9,2022
Neemias Queta,-4.1,2022
Melvin Frazier,-9.7,2022
Freddie Gillespie,-5.6,2022
Jabari Parker,-0.3,2022
Derrick Walton,-5.3,2022
Jeff Dowtin Jr.,-5.7,2022
Jeff Dowtin Jr.,-4.3,2022
Jeff Dowtin Jr.,-15.7,2022
Jeff Dowtin Jr.,-5.8,2022
Langston Galloway,-8.0,2022
Langston Galloway,-7.7,2022
Langston Galloway,-8.5,2022
Louis King,-3.0,2022
Chaundee Brown Jr.,-4.3,2022
Chaundee Brown Jr.,-11.6,2022
Chaundee Brown Jr.,-2.4,2022
Luke Kornet,-0.9,2022
Luke Kornet,-6.7,2022
Luke Kornet,-14.2,2022
Luke Kornet,0.6,2022
Chris Silva,-5.0,2022
Chris Silva,-5.3,2022
Chris Silva,-5.0,2022
Tyler Johnson,-3.9,2022
Tyler Johnson,-2.4,2022
Tyler Johnson,-4.9,2022
Devon Dotson,-3.4,2022
Udonis Haslem,-6.4,2022
Wes Iwundu,-4.1,2022
Bol Bol,-0.5,2022
Carsen Edwards,-6.0,2022
Ryan Arcidiacono,-4.6,2022
Tyrone Wallace,-7.7,2022
Isaiah Todd,-5.7,2022
Trevelin Queen,2.7,2022
Aleem Ford,-9.1,2022
Quinndary Weatherspoon,-4.5,2022
Yves Pons,-4.9,2022
Rayjon Tucker,2.3,2022
Rayjon Tucker,0.6,2022
Rayjon Tucker,3.5,2022
Isaac Bonga,-5.4,2022
Brandon Knight,-2.7,2022
B.J. Johnson,-0.7,2022
Kai Jones,-5.2,2022
RJ Nembhard Jr.,-4.4,2022
Malik Fitts,-0.6,2022
Malik Fitts,-7.9,2022
Malik Fitts,8.6,2022
Brodric Thomas,-3.6,2022
Tacko Fall,-4.1,2022
Sam Merrill,-2.2,2022
Gabriel Deck,-1.2,2022
James Ennis III,-0.1,2022
James Ennis III,-0.5,2022
James Ennis III,3.7,2022
James Ennis III,-7.2,2022
D.J. Wilson,1.8,2022
Myles Powell,-10.5,2022
Mason Jones,-1.2,2022
Tremont Waters,-7.8,2022
Tremont Waters,-7.5,2022
Tremont Waters,-9.4,2022
Cameron McGriff,-1.0,2022
Miye Oni,-7.6,2022
Gabriel Lundberg,-5.3,2022
Vernon Carey Jr.,-3.0,2022
Vernon Carey Jr.,-2.8,2022
Vernon Carey Jr.,-3.2,2022
Jared Harper,14.2,2022
Cameron Oliver,2.3,2022
Robert Woodard II,-6.8,2022
Sharife Cooper,-11.3,2022
Cassius Winston,-5.9,2022
Xavier Sneed,-6.9,2022
Xavier Sneed,-14.5,2022
Xavier Sneed,-4.9,2022
Nik Stauskas,-0.9,2022
Nik Stauskas,0.0,2022
Nik Stauskas,-2.4,2022
Petr Cornelie,-6.1,2022
Darren Collison,-10.0,2022
Justin Jackson,-2.2,2022
Justin Jackson,1.9,2022
Justin Jackson,-2.5,2022
Marko Simonovic,-6.1,2022
Cheick Diallo,-4.2,2022
Micah Potter,-4.0,2022
Juwan Morgan,-3.3,2022
Juwan Morgan,-3.2,2022
Juwan Morgan,-4.0,2022
Jordan Schakel,-8.6,2022
Daniel Oturu,-2.7,2022
Deividas Sirvydis,-10.8,2022
Mac McClung,-8.4,2022
Mac McClung,-6.9,2022
Mac McClung,-8.6,2022
Shaquille Harrison,-9.0,2022
Carlik Jones,-11.3,2022
Carlik Jones,-13.0,2022
Carlik Jones,-3.0,2022
Chandler Hutchison,-8.0,2022
Damyean Dotson,-3.7,2022
Gabe York,-3.7,2022
Joel Ayayi,-4.3,2022
Jay Huff,-8.3,2022
McKinley Wright IV,-1.4,2022
George King,-16.5,2022
Norvel Pelle,-3.0,2022
Wayne Selden,-4.3,2022
Craig Sword,-8.6,2022
Eugene Omoruyi,3.3,2022
Emanuel Terry,-13.0,2022
Scotty Hopson,-8.7,2022
Aaron Henry,-14.0,2022
Trayvon Palmer,-13.1,2022
Dakota Mathias,-1.4,2022
Jaylen Morris,-15.8,2022
Sekou Doumbouya,8.8,2022
Jemerrio Jones,-1.1,2022
Moses Wright,1.1,2022
Moses Wright,10.8,2022
Moses Wright,0.3,2022
Cat Barber,-15.8,2022
Jarron Cumberland,-4.4,2022
JaQuori McLaughlin,-9.4,2022
Rob Edwards,-8.3,2022
Emmanuel Mudiay,-2.7,2022
Tre Scott,-4.8,2022
Shaq Buchanan,-11.0,2022
DaQuan Jeffries,-5.8,2022
Jon Teske,-8.5,2022
Feron Hunt,-12.3,2022
Anthony Lamb,-6.2,2022
M.J. Walker,-15.8,2022
Malik Newman,6.3,2022
Paris Bass,-11.2,2022
Scottie Lewis,0.0,2022
Jaysean Paige,-25.0,2022
Jordan Goodwin,-24.7,2022
Jaden Springer,8.3,2022
Arnoldas Kulboka,-14.7,2022
Zylan Cheatham,-19.3,2022
Matt Ryan,-9.9,2022
Tyrell Terry,-3.4,2022
Javin DeLaurier,-4.8,2022
Jaime Echenique,-5.5,2022
Nate Hinton,-28.1,2022
David Johnson,-19.0,2022
Jordan Bell,-8.1,2022
Tyler Hall,-8.1,2022
Joe Johnson,12.1,2022
C.J. Miles,-16.3,2022
Matt Mooney,-33.9,2022
Ahmad Caver,31.0,2022
Sam Dekker,-6.2,2022
DeJon Jarreau,-6.5,2022
Ade Murkey,-7.4,2022
Mikal Bridges,1.5,2023
Mikal Bridges,0.4,2023
Mikal Bridges,4.0,2023
Anthony Edwards,1.0,2023
Zach LaVine,2.7,2023
Nikola Vučević,1.9,2023
Julius Randle,3.9,2023
Domantas Sabonis,4.1,2023
Jayson Tatum,4.8,2023
Spencer Dinwiddie,1.6,2023
Spencer Dinwiddie,2.0,2023
Spencer Dinwiddie,0.7,2023
Evan Mobley,0.0,2023
Dejounte Murray,1.1,2023
DeMar DeRozan,1.7,2023
Scottie Barnes,0.5,2023
Harrison Barnes,0.5,2023
Pascal Siakam,3.3,2023
CJ McCollum,1.5,2023
Franz Wagner,0.4,2023
Jalen Green,0.5,2023
Bam Adebayo,0.8,2023
Trae Young,5.3,2023
Fred VanVleet,2.0,2023
Buddy Hield,2.5,2023
RJ Barrett,-1.2,2023
Jordan Poole,-0.1,2023
Josh Hart,-0.2,2023
Josh Hart,-0.9,2023
Josh Hart,1.4,2023
Jabari Smith Jr.,-2.3,2023
Trey Murphy III,1.4,2023
Darius Garland,3.2,2023
Tobias Harris,0.6,2023
De'Aaron Fox,3.4,2023
Donovan Mitchell,5.6,2023
Paolo Banchero,-0.7,2023
Jaden McDaniels,-1.7,2023
Shai Gilgeous-Alexander,5.7,2023
Royce O'Neale,-1.7,2023
Jaylen Brown,1.5,2023
Luka Dončić,7.6,2023
OG Anunoby,-0.3,2023
Keegan Murray,0.4,2023
Kentavious Caldwell-Pope,-1.6,2023
P.J. Washington,-1.0,2023
Jalen Brunson,4.4,2023
Brook Lopez,0.8,2023
Josh Giddey,1.5,2023
Reggie Bullock,-2.3,2023
Immanuel Quickley,1.3,2023
Tyler Herro,1.5,2023
Patrick Williams,-1.7,2023
Nikola Jokić,8.5,2023
Derrick White,1.1,2023
Jaden Ivey,-1.4,2023
D'Angelo Russell,2.1,2023
D'Angelo Russell,1.9,2023
D'Angelo Russell,3.1,2023
Draymond Green,-1.8,2023
KJ Martin,0.6,2023
Joel Embiid,6.8,2023
Bruce Brown,-1.1,2023
Klay Thompson,1.5,2023
Jalen Williams,-0.4,2023
Lauri Markkanen,4.9,2023
Max Strus,-0.8,2023
Luguentz Dort,-2.0,2023
Nic Claxton,0.9,2023
Jerami Grant,1.2,2023
Kyrie Irving,4.8,2023
Kyrie Irving,4.6,2023
Kyrie Irving,5.3,2023
Kyle Kuzma,-0.2,2023
Caris LeVert,-1.0,2023
Bennedict Mathurin,-1.2,2023
Terry Rozier,0.6,2023
Jarrett Allen,1.3,2023
Dillon Brooks,-3.4,2023
Kevin Huerter,1.4,2023
Jrue Holiday,3.0,2023
Alperen Şengün,1.1,2023
Anfernee Simons,1.3,2023
Ivica Zubac,-1.1,2023
Killian Hayes,-3.3,2023
Tim Hardaway Jr.,-0.3,2023
De'Anthony Melton,-0.7,2023
Rudy Gobert,0.0,2023
Jimmy Butler,6.7,2023
James Harden,5.1,2023
Jamal Murray,2.6,2023
John Collins,-1.4,2023
Saddiq Bey,0.9,2023
Saddiq Bey,0.5,2023
Saddiq Bey,1.7,2023
De'Andre Hunter,-1.9,2023
Russell Westbrook,0.3,2023
Russell Westbrook,-0.2,2023
Russell Westbrook,1.6,2023
Quentin Grimes,-0.3,2023
Kristaps Porziņģis,3.8,2023
Gary Trent Jr.,0.2,2023
Damian Lillard,8.3,2023
Ayo Dosunmu,-3.0,2023
Corey Kispert,-0.1,2023
Malik Beasley,-0.9,2023
Malik Beasley,-0.4,2023
Malik Beasley,-2.3,2023
Caleb Martin,-1.8,2023
Andrew Nembhard,-2.4,2023
Keldon Johnson,0.7,2023
Aaron Gordon,2.4,2023
Mason Plumlee,1.2,2023
Mason Plumlee,1.5,2023
Mason Plumlee,0.1,2023
Grant Williams,-1.8,2023
Deandre Ayton,0.9,2023
Mike Conley,1.0,2023
Mike Conley,0.7,2023
Mike Conley,1.5,2023
Giannis Antetokounmpo,5.8,2023
Kevin Porter Jr.,1.4,2023
Deni Avdija,-2.8,2023
Tyrese Maxey,1.9,2023
Dorian Finney-Smith,-1.7,2023
Dorian Finney-Smith,-0.9,2023
Dorian Finney-Smith,-3.3,2023
Jordan Clarkson,1.0,2023
Dennis Schröder,-2.4,2023
Tre Jones,-0.2,2023
Grayson Allen,-0.6,2023
Jonas Valančiūnas,0.0,2023
Eric Gordon,-0.5,2023
Eric Gordon,-0.9,2023
Eric Gordon,0.5,2023
Kevon Looney,0.9,2023
Kyle Anderson,0.2,2023
Marcus Smart,-1.8,2023
LeBron James,5.5,2023
Herbert Jones,-1.9,2023
Torrey Craig,-1.3,2023
Ja Morant,5.2,2023
Kelly Olynyk,-0.4,2023
Stephen Curry,7.5,2023
Tyus Jones,1.2,2023
Paul George,2.4,2023
Al Horford,1.6,2023
P.J. Tucker,-3.2,2023
Jalen McDaniels,-2.7,2023
Jalen McDaniels,-2.7,2023
Jalen McDaniels,-2.5,2023
Jakob Poeltl,1.1,2023
Jakob Poeltl,0.5,2023
Jakob Poeltl,2.2,2023
Anthony Davis,4.6,2023
Donte DiVincenzo,-0.6,2023
Bojan Bogdanović,2.6,2023
Chris Paul,2.0,2023
Tyrese Haliburton,7.0,2023
Jarred Vanderbilt,-0.6,2023
Jarred Vanderbilt,0.0,2023
Jarred Vanderbilt,-1.7,2023
Terance Mann,-0.3,2023
Troy Brown Jr.,-1.8,2023
Onyeka Okongwu,0.0,2023
Austin Reaves,0.6,2023
Desmond Bane,3.3,2023
Devin Booker,4.5,2023
Marcus Morris,-1.8,2023
Myles Turner,1.4,2023
Bobby Portis,1.2,2023
Aaron Nesmith,-2.3,2023
Patrick Beverley,-2.9,2023
Patrick Beverley,-3.2,2023
Patrick Beverley,-2.4,2023
Jevon Carter,-1.9,2023
Michael Porter Jr.,2.0,2023
Naji Marshall,-1.9,2023
Jaren Jackson Jr.,0.7,2023
Shaedon Sharpe,-1.3,2023
Markelle Fultz,-0.1,2023
Tari Eason,-1.3,2023
Gabe Vincent,-3.1,2023
Kawhi Leonard,5.1,2023
Malcolm Brogdon,2.3,2023
Christian Wood,1.9,2023
Coby White,-1.0,2023
Clint Capela,2.3,2023
Malik Monk,1.6,2023
Kyle Lowry,-0.7,2023
Nicolas Batum,-0.8,2023
Walker Kessler,1.4,2023
Monte Morris,0.8,2023
Wendell Carter Jr.,0.9,2023
Santi Aldama,-0.3,2023
Bradley Beal,2.9,2023
Kevin Durant,6.0,2023
Kevin Durant,5.8,2023
Kevin Durant,7.1,2023
Jalen Duren,-0.4,2023
Reggie Jackson,-2.9,2023
Reggie Jackson,-2.6,2023
Reggie Jackson,-3.8,2023
Isaac Okoro,-1.9,2023
Isaiah Hartenstein,-1.5,2023
Daniel Gafford,0.4,2023
Mitchell Robinson,1.0,2023
Drew Eubanks,-0.9,2023
Gordon Hayward,-1.1,2023
Alex Caruso,-2.2,2023
Shake Milton,-1.0,2023
Norman Powell,0.9,2023
Cole Anthony,0.7,2023
Malaki Branham,-3.0,2023
Cedi Osman,-0.8,2023
Kelly Oubre Jr.,-0.4,2023
Josh Green,-1.9,2023
Brandon Ingram,2.2,2023
Josh Richardson,-1.0,2023
Josh Richardson,-0.1,2023
Josh Richardson,-2.9,2023
Joe Harris,-0.6,2023
T.J. McConnell,0.4,2023
Chris Boucher,0.7,2023
Georges Niang,-0.4,2023
Bogdan Bogdanović,1.1,2023
Damion Lee,-1.3,2023
Bol Bol,-1.8,2023
John Konchar,-1.9,2023
Rui Hachimura,-1.3,2023
Rui Hachimura,-1.2,2023
Rui Hachimura,-1.4,2023
Dwight Powell,-1.2,2023
Jeremy Sochan,-2.8,2023
Keita Bates-Diop,0.3,2023
Davion Mitchell,-2.4,2023
Pat Connaughton,-1.3,2023
Zach Collins,-0.5,2023
Isaiah Stewart,-1.0,2023
AJ Griffin,-0.3,2023
Isaiah Joe,1.3,2023
Jonathan Kuminga,-1.7,2023
Jusuf Nurkić,-0.6,2023
Dennis Smith Jr.,-3.5,2023
Larry Nance Jr.,0.0,2023
Josh Okogie,-0.8,2023
Devonte' Graham,0.1,2023
Devonte' Graham,-0.4,2023
Devonte' Graham,1.0,2023
Terrence Ross,-1.8,2023
Terrence Ross,-2.7,2023
Terrence Ross,0.3,2023
Luke Kennard,0.6,2023
Luke Kennard,-1.4,2023
Luke Kennard,3.0,2023
Doug McDermott,-0.7,2023
Talen Horton-Tucker,-1.1,2023
Jose Alvarado,-2.0,2023
Aaron Wiggins,-1.5,2023
Lonnie Walker IV,-0.9,2023
Sam Hauser,0.6,2023
Jalen Smith,-0.9,2023
LaMelo Ball,3.2,2023
David Roddy,-3.2,2023
Jaylen Nowell,-1.5,2023
Naz Reid,0.3,2023
Trey Lyles,0.0,2023
Jalen Suggs,-1.8,2023
Kevin Love,0.2,2023
Kevin Love,0.8,2023
Kevin Love,-1.0,2023
Cory Joseph,-0.7,2023
Delon Wright,0.4,2023
Nick Richards,-1.0,2023
Seth Curry,-1.2,2023
Ochai Agbaji,-1.7,2023
Kenrich Williams,0.1,2023
Matisse Thybulle,-2.7,2023
Matisse Thybulle,-3.2,2023
Matisse Thybulle,-2.2,2023
Isaiah Livers,-2.1,2023
Cameron Johnson,2.0,2023
Cameron Johnson,3.2,2023
Cameron Johnson,1.4,2023
Anthony Lamb,-1.6,2023
Taurean Prince,-2.6,2023
Andrew Wiggins,-0.1,2023
Jordan Nwora,-0.8,2023
Jordan Nwora,-2.0,2023
Jordan Nwora,0.4,2023
Gary Harris,-1.4,2023
Tre Mann,-3.0,2023
Trendon Watford,-1.4,2023
Christian Braun,-2.5,2023
Xavier Tillman Sr.,0.3,2023
Devin Vassell,1.3,2023
Collin Sexton,0.1,2023
Precious Achiuwa,-1.4,2023
Steven Adams,-0.3,2023
Alec Burks,1.8,2023
Lamar Stevens,-3.0,2023
Moritz Wagner,0.4,2023
Jordan Goodwin,-0.7,2023
Victor Oladipo,-2.9,2023
Ben Simmons,-2.2,2023
Jeff Green,-2.4,2023
Brandon Clarke,0.8,2023
Bones Hyland,0.4,2023
Bones Hyland,0.6,2023
Bones Hyland,-0.2,2023
Oshae Brissett,-2.0,2023
Thomas Bryant,1.1,2023
Thomas Bryant,2.4,2023
Thomas Bryant,-4.4,2023
Obi Toppin,0.3,2023
Joe Ingles,-1.6,2023
Jalen Johnson,-1.2,2023
Isaiah Jackson,-1.7,2023
Dyson Daniels,-3.4,2023
Wenyen Gabriel,-2.3,2023
Austin Rivers,-3.3,2023
Hamidou Diallo,-1.8,2023
Will Barton,-2.0,2023
Will Barton,-1.7,2023
Will Barton,-2.9,2023
Marvin Bagley III,0.3,2023
Cam Reddish,-2.6,2023
Cam Reddish,-2.2,2023
Cam Reddish,-3.0,2023
Jock Landale,-0.7,2023
Nassir Little,-1.6,2023
Usman Garuba,-2.0,2023
JT Thor,-4.3,2023
Haywood Highsmith,-3.7,2023
Cameron Payne,-0.5,2023
Kendrick Nunn,-2.0,2023
Kendrick Nunn,-3.4,2023
Kendrick Nunn,-0.4,2023
Karl-Anthony Towns,2.1,2023
Zion Williamson,4.8,2023
Kevin Knox,-2.1,2023
Kevin Knox,-2.1,2023
Kevin Knox,-2.0,2023
Cam Thomas,-0.7,2023
Mike Muscala,-0.3,2023
Mike Muscala,0.3,2023
Mike Muscala,-1.5,2023
Maxi Kleber,-2.2,2023
Yuta Watanabe,-0.4,2023
Ish Wainright,-2.7,2023
Daishen Nix,-5.0,2023
Jaylin Williams,-2.3,2023
Chris Duarte,-2.9,2023
Derrick Jones Jr.,-1.2,2023
Dean Wade,-2.9,2023
Vlatko Čančar,-1.7,2023
Nickeil Alexander-Walker,-1.4,2023
Nickeil Alexander-Walker,-0.6,2023
Nickeil Alexander-Walker,-2.5,2023
Bismack Biyombo,-3.4,2023
Goran Dragić,-2.1,2023
Goran Dragić,-2.1,2023
Goran Dragić,-2.3,2023
James Wiseman,-2.1,2023
James Wiseman,-1.3,2023
James Wiseman,-2.5,2023
Théo Maledon,-3.0,2023
Andre Drummond,-1.2,2023
Aaron Holiday,-2.9,2023
Romeo Langford,-2.6,2023
Terence Davis,-1.3,2023
George Hill,-2.4,2023
George Hill,-2.8,2023
George Hill,-0.6,2023
Mark Williams,-0.5,2023
Robert Williams,1.0,2023
Wesley Matthews,-3.4,2023
Moses Moody,-1.7,2023
Rudy Gay,-3.6,2023
Ty Jerome,-1.1,2023
Jeremiah Robinson-Earl,-0.8,2023
Jericho Sims,-1.0,2023
Caleb Houstan,-3.1,2023
Danuel House Jr.,-2.5,2023
Landry Shamet,-1.1,2023
Dario Šarić,-1.5,2023
Dario Šarić,-2.3,2023
Dario Šarić,0.1,2023
Luke Kornet,-0.4,2023
Christian Koloko,-4.3,2023
Khris Middleton,1.0,2023
JaMychal Green,-0.7,2023
Thaddeus Young,-1.8,2023
Bryce McGowens,-4.6,2023
Josh Christopher,-3.0,2023
Robert Covington,-0.5,2023
Justise Winslow,-3.4,2023
Mo Bamba,-0.2,2023
Mo Bamba,0.4,2023
Mo Bamba,-5.3,2023
Simone Fontecchio,-3.0,2023
Miles McBride,-3.6,2023
Paul Reed,-1.6,2023
John Wall,-0.8,2023
R.J. Hampton,-2.3,2023
R.J. Hampton,-1.5,2023
R.J. Hampton,-3.0,2023
Edmond Sumner,-2.4,2023
Zeke Nnaji,-2.7,2023
Jaden Hardy,-0.4,2023
Justin Holiday,-3.7,2023
Justin Holiday,-3.1,2023
Justin Holiday,-4.6,2023
MarJon Beauchamp,-4.1,2023
Aleksej Pokusevski,-1.0,2023
Juan Toscano-Anderson,-4.6,2023
Juan Toscano-Anderson,-4.6,2023
Juan Toscano-Anderson,-4.7,2023
Malachi Flynn,-3.3,2023
Duncan Robinson,-3.5,2023
Chimezie Metu,-0.3,2023
T.J. Warren,-1.7,2023
T.J. Warren,-1.4,2023
T.J. Warren,-2.5,2023
Garrison Mathews,-2.0,2023
Garrison Mathews,-2.3,2023
Garrison Mathews,0.7,2023
Montrezl Harrell,-0.9,2023
Jordan McLaughlin,-1.3,2023
Jae'Sean Tate,-2.8,2023
Blake Wesley,-7.9,2023
Sandro Mamukelashvili,-1.1,2023
Sandro Mamukelashvili,-4.0,2023
Sandro Mamukelashvili,0.3,2023
Eugene Omoruyi,-3.5,2023
Eugene Omoruyi,-4.4,2023
Eugene Omoruyi,-2.9,2023
Payton Pritchard,-2.1,2023
Amir Coffey,-4.3,2023
Anthony Gill,-2.4,2023
Jabari Walker,-3.9,2023
Darius Bazley,-2.0,2023
Darius Bazley,-1.8,2023
Darius Bazley,-3.7,2023
Juancho Hernangómez,-3.5,2023
Jaxson Hayes,-2.2,2023
Frank Ntilikina,-6.1,2023
DeAndre Jordan,-2.4,2023
Blake Griffin,-1.4,2023
Ousmane Dieng,-3.1,2023
Kris Dunn,0.7,2023
Patty Mills,-1.4,2023
Ricky Rubio,-3.8,2023
Ziaire Williams,-4.7,2023
Day'Ron Sharpe,-1.8,2023
Kai Jones,-4.8,2023
Lindy Waters III,0.5,2023
Rodney McGruder,-0.8,2023
Chuma Okeke,-2.4,2023
James Bouknight,-5.4,2023
Max Christie,-3.2,2023
Charles Bassey,-0.6,2023
Raul Neto,-1.7,2023
Dāvis Bertāns,0.0,2023
Taj Gibson,-3.6,2023
Javonte Green,-1.1,2023
Damian Jones,-2.0,2023
Damian Jones,-2.6,2023
Damian Jones,-1.7,2023
Isaiah Roby,-4.0,2023
Stanley Johnson,-0.8,2023
Svi Mykhailiuk,0.5,2023
Svi Mykhailiuk,3.6,2023
Svi Mykhailiuk,0.3,2023
Evan Fournier,-4.0,2023
Willy Hernangómez,-0.2,2023
Kevon Harris,-3.5,2023
Goga Bitadze,-0.8,2023
Goga Bitadze,-2.3,2023
Goga Bitadze,0.4,2023
Admiral Schofield,-2.2,2023
TyTy Washington Jr.,-5.0,2023
Dewayne Dedmon,-2.6,2023
Dewayne Dedmon,-2.4,2023
Dewayne Dedmon,-3.5,2023
Orlando Robinson,-2.7,2023
Johnny Davis,-5.8,2023
Keon Johnson,-3.8,2023
Jake LaRavia,-3.9,2023
Dominick Barlow,-3.7,2023
Bruno Fernando,-2.8,2023
Bruno Fernando,-2.8,2023
Bruno Fernando,-2.6,2023
Cade Cunningham,-0.1,2023
Ish Smith,-5.5,2023
Duane Washington Jr.,-1.8,2023
Kessler Edwards,-3.2,2023
Kessler Edwards,-6.7,2023
Kessler Edwards,-2.3,2023
Saben Lee,-2.7,2023
Saben Lee,-3.7,2023
Saben Lee,-2.7,2023
Gary Payton II,-1.2,2023
Gary Payton II,-2.0,2023
Gary Payton II,0.5,2023
Udoka Azubuike,-1.2,2023
Gorgui Dieng,-4.0,2023
JaVale McGee,-3.6,2023
Markieff Morris,-2.3,2023
Markieff Morris,-1.8,2023
Markieff Morris,-4.4,2023
Furkan Korkmaz,-3.3,2023
Richaun Holmes,-2.0,2023
A.J. Green,-0.3,2023
Davon Reed,-5.4,2023
Davon Reed,-5.8,2023
Davon Reed,-0.1,2023
Jae Crowder,0.1,2023
Derrick Rose,-2.2,2023
McKinley Wright IV,-1.9,2023
Theo Pinson,-2.5,2023
Julian Champagnie,-0.6,2023
Julian Champagnie,-12.0,2023
Julian Champagnie,-0.3,2023
Matt Ryan,-1.9,2023
Matt Ryan,-4.3,2023
Matt Ryan,-0.2,2023
Robin Lopez,-3.4,2023
Moses Brown,0.6,2023
Moses Brown,0.9,2023
Moses Brown,-12.7,2023
Nathan Knight,-2.4,2023
Kennedy Chandler,-3.3,2023
Dalano Banton,-1.1,2023
Trent Forrest,-5.3,2023
Bryn Forbes,-4.8,2023
Terry Taylor,-2.3,2023
Terry Taylor,-3.4,2023
Terry Taylor,4.6,2023
Jeff Dowtin Jr.,-2.8,2023
KZ Okpala,-4.3,2023
Brandon Boston Jr.,-1.5,2023
Luka Garza,2.2,2023
Jamal Cain,-0.5,2023
Kira Lewis Jr.,-0.8,2023
Frank Kaminsky,1.2,2023
Frank Kaminsky,0.7,2023
Frank Kaminsky,2.5,2023
Johnny Juzang,-4.3,2023
David Duke Jr.,-6.3,2023
Patrick Baldwin Jr.,-0.7,2023
John Butler,-5.4,2023
Cody Zeller,-2.0,2023
Dalen Terry,-1.7,2023
Matthew Dellavedova,-4.4,2023
Thanasis Antetokounmpo,-6.5,2023
Nikola Jović,-3.4,2023
Jared Rhoden,-5.0,2023
Moussa Diabaté,-1.9,2023
Nerlens Noel,-6.5,2023
Nerlens Noel,-5.1,2023
Nerlens Noel,-11.3,2023
Skylar Mays,2.1,2023
Peyton Watson,-2.7,2023
Serge Ibaka,-4.6,2023
Kenneth Lofton Jr.,0.7,2023
Mamadi Diakite,-4.9,2023
Ryan Arcidiacono,-7.3,2023
Ryan Arcidiacono,-8.9,2023
Ryan Arcidiacono,-7.0,2023
Boban Marjanović,3.0,2023
Noah Vonleh,-7.0,2023
Vit Krejci,-4.2,2023
Garrett Temple,-2.5,2023
Khem Birch,-4.6,2023
James Johnson,-5.7,2023
Alex Len,-4.9,2023
Luka Šamanić,-3.2,2023
Dru Smith,-3.8,2023
Dru Smith,-6.3,2023
Dru Smith,-2.1,2023
Wendell Moore Jr.,-3.8,2023
Otto Porter Jr.,-1.3,2023
Kemba Walker,0.3,2023
Danny Green,-2.1,2023
Danny Green,-7.9,2023
Danny Green,0.5,2023
Jarrett Culver,-4.8,2023
Quenton Jackson,-3.7,2023
Cody Martin,-3.8,2023
Jeenathan Williams,-1.0,2023
Xavier Cooks,-3.2,2023
Jason Preston,-2.1,2023
Jonathan Isaac,1.0,2023
Shaquille Harrison,-2.5,2023
Meyers Leonard,-2.8,2023
Olivier Sarr,-4.2,2023
Andre Iguodala,-4.3,2023
Daniel Theis,-0.9,2023
A.J. Lawson,-1.5,2023
A.J. Lawson,-2.3,2023
A.J. Lawson,-1.5,2023
Justin Jackson,-4.2,2023
Vince Williams Jr.,-8.3,2023
Josh Minott,-1.9,2023
Jay Huff,2.8,2023
Greg Brown III,-8.5,2023
Joshua Primo,-4.7,2023
Buddy Boeheim,-7.5,2023
Jaden Springer,-2.6,2023
Justin Minaya,-7.2,2023
Lindell Wigginton,-3.1,2023
Isaiah Mobley,-2.5,2023
Jordan Hall,-4.7,2023
Omer Yurtseven,-2.5,2023
PJ Dozier,-8.6,2023
Jared Butler,-2.2,2023
Keon Ellis,-0.1,2023
Udonis Haslem,-8.2,2023
Jamaree Bouyea,-5.8,2023
Jamaree Bouyea,-4.9,2023
Jamaree Bouyea,-16.1,2023
Trevelin Queen,-5.6,2023
Leandro Bolmaro,-12.4,2023
Jack White,-2.6,2023
Tyrese Martin,-4.2,2023
JD Davison,-4.5,2023
Ryan Rollins,-11.3,2023
Isaiah Todd,-10.3,2023
Sam Merrill,-1.2,2023
Carlik Jones,-2.8,2023
Gabe York,-1.7,2023
Devon Dotson,-7.0,2023
Facundo Campazzo,-4.8,2023
Micah Potter,2.4,2023
Joe Wieskamp,-7.0,2023
Ron Harper Jr.,2.4,2023
Xavier Sneed,-3.1,2023
Michael Carter-Williams,-5.1,2023
Cole Swider,-2.9,2023
Mac McClung,2.2,2023
Jacob Gilyard,-7.8,2023
Kendall Brown,-7.0,2023
Jarrell Brantley,3.1,2023
Mfiondu Kabengele,-6.6,2023
RaiQuan Gray,-0.6,2023
Justin Champagnie,-5.1,2023
Justin Champagnie,6.1,2023
Justin Champagnie,-10.5,2023
Tony Bradley,4.4,2023
Scotty Pippen Jr.,-5.1,2023
Alize Johnson,-7.4,2023
Jay Scrubb,-2.9,2023
Neemias Queta,-2.6,2023
Louis King,3.3,2023
Vernon Carey Jr.,-7.1,2023
Trevor Hudgins,-3.8,2023
Kobi Simmons,-1.0,2023
Darius Days,4.7,2023
Sterling Brown,-7.7,2023
Chance Comanche,-2.6,2023
Marko Simonovic,-10.5,2023
Xavier Moon,-4.1,2023
Lester Quiñones,-6.4,2023
Dereon Seabron,-6.6,2023
Dylan Windler,3.2,2023
Malcolm Hill,1.6,2023
Braxton Key,2.1,2023
Tyler Dorsey,17.0,2023
Trevor Keels,-7.4,2023
Chima Moneke,-12.7,2023
Deonte Burton,-13.9,2023
Jordan Schakel,7.7,2023
Frank Jackson,-12.5,2023
Alondes Williams,-21.3,2023
Donovan Williams,-9.1,2023
Chris Silva,-22.5,2023
Stanley Umude,15.9,2023
Michael Foster Jr.,-7.2,2023
DeMar DeRozan,2.1,2024
Domantas Sabonis,4.0,2024
Coby White,0.7,2024
Mikal Bridges,0.7,2024
Paolo Banchero,1.3,2024
Kevin Durant,4.0,2024
Dejounte Murray,2.3,2024
Anthony Edwards,2.7,2024
Nikola Jokić,9.0,2024
Jalen Brunson,6.3,2024
Josh Hart,-1.3,2024
Anthony Davis,3.5,2024
Fred VanVleet,2.6,2024
De'Aaron Fox,2.6,2024
Pascal Siakam,2.6,2024
Pascal Siakam,2.2,2024
Pascal Siakam,3.0,2024
Jayson Tatum,4.5,2024
Austin Reaves,0.9,2024
Tyrese Maxey,4.1,2024
Luka Dončić,8.3,2024
Nikola Vučević,0.8,2024
Jalen Green,0.4,2024
Rudy Gobert,0.1,2024
Keegan Murray,-0.4,2024
Miles Bridges,0.2,2024
Damian Lillard,3.4,2024
Giannis Antetokounmpo,6.7,2024
Michael Porter Jr.,1.2,2024
Shai Gilgeous-Alexander,6.7,2024
Grayson Allen,1.1,2024
LeBron James,5.5,2024
Paul George,2.9,2024
Dennis Schröder,-0.5,2024
Dennis Schröder,-0.5,2024
Dennis Schröder,-0.5,2024
D'Angelo Russell,1.7,2024
James Harden,3.8,2024
Devin Booker,4.0,2024
Jarrett Allen,2.1,2024
Jabari Smith Jr.,-0.5,2024
Stephen Curry,6.3,2024
Bam Adebayo,0.8,2024
Chet Holmgren,1.8,2024
Brook Lopez,0.2,2024
Kentavious Caldwell-Pope,-2.1,2024
Bogdan Bogdanović,0.9,2024
Brandon Miller,-0.9,2024
Harrison Barnes,-0.6,2024
Derrick White,2.4,2024
Tobias Harris,1.0,2024
Donte DiVincenzo,2.5,2024
Jordan Poole,-2.0,2024
Jaylen Brown,0.9,2024
Malik Beasley,-1.0,2024
Franz Wagner,0.9,2024
Kawhi Leonard,4.8,2024
Herbert Jones,-0.9,2024
Aaron Gordon,1.2,2024
Klay Thompson,1.1,2024
Kyle Kuzma,0.5,2024
Jrue Holiday,1.0,2024
Deni Avdija,-0.7,2024
Devin Vassell,0.9,2024
Luguentz Dort,-1.4,2024
Max Strus,-1.1,2024
Dillon Brooks,-3.3,2024
Tyrese Haliburton,7.3,2024
Jalen Williams,2.0,2024
P.J. Washington,-1.7,2024
P.J. Washington,-1.7,2024
P.J. Washington,-1.8,2024
Jaden Ivey,-1.4,2024
Ayo Dosunmu,-0.6,2024
Zion Williamson,3.3,2024
Mike Conley,2.0,2024
Jeremy Sochan,-2.8,2024
Buddy Hield,1.0,2024
Buddy Hield,1.0,2024
Buddy Hield,1.0,2024
CJ McCollum,3.3,2024
Spencer Dinwiddie,-1.3,2024
Spencer Dinwiddie,-0.5,2024
Spencer Dinwiddie,-3.2,2024
Tre Jones,-0.4,2024
Grant Williams,-1.9,2024
Grant Williams,-2.7,2024
Grant Williams,-0.8,2024
Jaren Jackson Jr.,0.0,2024
Tim Hardaway Jr.,-0.8,2024
Nic Claxton,-0.3,2024
Jaime Jaquez Jr.,-2.2,2024
Taurean Prince,-2.6,2024
Victor Wembanyama,1.9,2024
Jaden McDaniels,-3.3,2024
Brandon Ingram,1.4,2024
Scottie Barnes,2.9,2024
Jusuf Nurkić,-1.0,2024
Myles Turner,1.0,2024
Collin Sexton,3.8,2024
Cam Thomas,0.7,2024
Cade Cunningham,2.0,2024
Corey Kispert,-0.2,2024
Saddiq Bey,0.1,2024
Kelly Oubre Jr.,-1.5,2024
Alperen Şengün,3.1,2024
Jimmy Butler,3.9,2024
Alex Caruso,0.2,2024
Terry Rozier,2.2,2024
Terry Rozier,3.8,2024
Terry Rozier,0.4,2024
Keldon Johnson,-0.3,2024
Kyrie Irving,4.8,2024
Karl-Anthony Towns,1.6,2024
Jalen Suggs,-0.6,2024
Keyonte George,-1.5,2024
Josh Giddey,1.0,2024
Bobby Portis,0.0,2024
Aaron Nesmith,-0.3,2024
Gary Trent Jr.,-1.2,2024
Norman Powell,0.4,2024
Immanuel Quickley,2.2,2024
Immanuel Quickley,2.7,2024
Immanuel Quickley,1.9,2024
Brandin Podziemski,-0.5,2024
Naz Reid,0.4,2024
Caris LeVert,-0.6,2024
Royce O'Neale,-1.0,2024
Royce O'Neale,-1.6,2024
Royce O'Neale,-0.2,2024
Jonathan Kuminga,0.0,2024
Donovan Mitchell,4.6,2024
Trae Young,4.9,2024
Dorian Finney-Smith,-2.0,2024
Tyus Jones,1.5,2024
Jonas Valančiūnas,0.7,2024
Nickeil Alexander-Walker,-1.1,2024
Andrew Wiggins,-1.4,2024
Duncan Robinson,-0.5,2024
John Collins,0.5,2024
Darius Garland,0.2,2024
Isaiah Hartenstein,0.7,2024
Eric Gordon,-1.3,2024
Jalen Johnson,0.4,2024
Isaac Okoro,-1.8,2024
Clint Capela,1.0,2024
Terance Mann,-0.8,2024
Malik Monk,1.5,2024
Bruce Brown,-2.4,2024
Bruce Brown,-1.7,2024
Bruce Brown,-3.1,2024
Jamal Murray,4.5,2024
RJ Barrett,0.7,2024
RJ Barrett,-0.3,2024
RJ Barrett,1.5,2024
Georges Niang,-2.5,2024
Jerami Grant,1.0,2024
Rui Hachimura,0.0,2024
Payton Pritchard,1.3,2024
Lauri Markkanen,5.1,2024
Reggie Jackson,-1.8,2024
Cole Anthony,-0.6,2024
Daniel Gafford,0.7,2024
Daniel Gafford,-0.2,2024
Daniel Gafford,2.5,2024
Ivica Zubac,0.8,2024
Deandre Ayton,0.5,2024
Derrick Jones Jr.,-1.3,2024
Kyle Anderson,-1.6,2024
Jalen Duren,-0.2,2024
Bradley Beal,0.9,2024
Scoot Henderson,-3.5,2024
Nick Richards,-1.6,2024
Kelly Olynyk,0.7,2024
Kelly Olynyk,1.3,2024
Kelly Olynyk,0.0,2024
Caleb Martin,-2.2,2024
Sam Hauser,1.2,2024
Al Horford,1.7,2024
Toumani Camara,-3.1,2024
Obi Toppin,1.8,2024
Bilal Coulibaly,-3.6,2024
OG Anunoby,-1.0,2024
OG Anunoby,-0.8,2024
OG Anunoby,-1.3,2024
Jabari Walker,-2.4,2024
Andrew Nembhard,-1.6,2024
Cason Wallace,-0.9,2024
Trey Murphy III,2.5,2024
Kristaps Porziņģis,3.5,2024
Kyle Lowry,-1.9,2024
Kyle Lowry,-2.0,2024
Kyle Lowry,-1.7,2024
Jordan Clarkson,-1.3,2024
De'Andre Hunter,-0.9,2024
Pat Connaughton,-1.6,2024
Christian Braun,-1.7,2024
Simone Fontecchio,0.0,2024
Simone Fontecchio,-0.4,2024
Simone Fontecchio,1.0,2024
Ochai Agbaji,-3.5,2024
Ochai Agbaji,-2.5,2024
Ochai Agbaji,-5.0,2024
Julius Randle,2.2,2024
Precious Achiuwa,-1.7,2024
Precious Achiuwa,-1.4,2024
Precious Achiuwa,-1.9,2024
Santi Aldama,-0.7,2024
Cameron Johnson,0.9,2024
Malaki Branham,-3.4,2024
Paul Reed,-0.6,2024
Ausar Thompson,-2.8,2024
Anfernee Simons,2.7,2024
Kevin Huerter,-0.5,2024
Bennedict Mathurin,-1.2,2024
Evan Mobley,0.9,2024
Chris Paul,-0.2,2024
Russell Westbrook,-0.2,2024
Nicolas Batum,-1.3,2024
Nicolas Batum,-1.5,2024
Nicolas Batum,-1.3,2024
Zach Collins,-2.0,2024
Josh Green,-2.4,2024
Walker Kessler,-0.4,2024
Draymond Green,-0.6,2024
Peyton Watson,-3.0,2024
Matisse Thybulle,-2.8,2024
Khris Middleton,1.1,2024
Bojan Bogdanović,-0.7,2024
Bojan Bogdanović,0.3,2024
Bojan Bogdanović,-2.4,2024
Julian Champagnie,-1.8,2024
Patrick Beverley,-1.5,2024
Patrick Beverley,-1.5,2024
Patrick Beverley,-1.6,2024
Amir Coffey,-1.9,2024
Isaiah Joe,1.1,2024
Desmond Bane,3.1,2024
Vince Williams Jr.,-1.7,2024
Isaiah Stewart,-1.6,2024
Moritz Wagner,1.7,2024
Tyler Herro,1.5,2024
Wendell Carter Jr.,0.5,2024
Onyeka Okongwu,0.0,2024
Amen Thompson,-0.1,2024
Haywood Highsmith,-1.8,2024
Dyson Daniels,-1.9,2024
Andre Drummond,0.8,2024
Marcus Sasser,-1.5,2024
Kris Murray,-3.5,2024
Miles McBride,-0.4,2024
Jakob Poeltl,-0.3,2024
Joel Embiid,8.5,2024
Jeff Green,-1.6,2024
Cameron Payne,-0.5,2024
Cameron Payne,-1.0,2024
Cameron Payne,0.0,2024
Gary Harris,-2.3,2024
Dereck Lively II,-0.3,2024
T.J. McConnell,2.9,2024
Aaron Holiday,-1.8,2024
Cedi Osman,-1.7,2024
Gradey Dick,-3.2,2024
Naji Marshall,-1.3,2024
Kris Dunn,-1.5,2024
Gordon Hayward,-1.6,2024
Gordon Hayward,-1.2,2024
Gordon Hayward,-2.4,2024
GG Jackson II,-0.2,2024
Aaron Wiggins,0.4,2024
Larry Nance Jr.,-0.2,2024
Duop Reath,-0.2,2024
Alec Burks,-0.3,2024
Alec Burks,1.3,2024
Alec Burks,-4.9,2024
Kevon Looney,-0.8,2024
David Roddy,-4.0,2024
David Roddy,-3.9,2024
David Roddy,-4.8,2024
Vasilije Micić,-2.5,2024
Vasilije Micić,-3.9,2024
Vasilije Micić,-1.9,2024
Patrick Williams,-2.1,2024
John Konchar,-2.6,2024
Drew Eubanks,-2.0,2024
Joe Ingles,-1.7,2024
Anthony Black,-3.8,2024
Jordan Hawkins,-1.3,2024
Trey Lyles,-0.4,2024
Moses Moody,-0.2,2024
Jae Crowder,-2.6,2024
Trayce Jackson-Davis,1.5,2024
Malcolm Brogdon,2.7,2024
Dean Wade,-1.7,2024
Josh Richardson,-1.3,2024
Davion Mitchell,-2.4,2024
Dario Šarić,0.6,2024
James Wiseman,-2.6,2024
Dante Exum,-0.3,2024
Sam Merrill,1.3,2024
Dennis Smith Jr.,-2.6,2024
Shaedon Sharpe,-1.9,2024
Jordan Goodwin,-1.5,2024
Jordan Goodwin,-1.3,2024
Jordan Goodwin,-1.8,2024
Marvin Bagley III,1.0,2024
Marvin Bagley III,0.4,2024
Marvin Bagley III,1.5,2024
Torrey Craig,-1.8,2024
Jalen Smith,3.2,2024
Dalano Banton,-0.7,2024
Dalano Banton,-4.7,2024
Dalano Banton,0.1,2024
Ziaire Williams,-4.0,2024
Jae'Sean Tate,-3.7,2024
Kenrich Williams,-1.1,2024
Jose Alvarado,-1.5,2024
Quentin Grimes,-2.6,2024
Quentin Grimes,-1.9,2024
Quentin Grimes,-7.8,2024
De'Anthony Melton,-0.7,2024
Daniel Theis,-1.7,2024
Daniel Theis,-13.2,2024
Daniel Theis,-1.6,2024
Lonnie Walker IV,-0.4,2024
Talen Horton-Tucker,-0.9,2024
Killian Hayes,-2.9,2024
Jevon Carter,-3.3,2024
Luke Kennard,0.6,2024
Garrison Mathews,-2.1,2024
Jaden Hardy,-2.0,2024
Tre Mann,-1.7,2024
Tre Mann,0.4,2024
Tre Mann,-2.0,2024
Cam Reddish,-4.0,2024
Luke Kornet,1.6,2024
Keon Ellis,-0.9,2024
Xavier Tillman Sr.,-3.1,2024
Xavier Tillman Sr.,-3.8,2024
Xavier Tillman Sr.,-1.3,2024
Josh Okogie,-1.3,2024
Goga Bitadze,-0.7,2024
Max Christie,-3.2,2024
Kevin Love,2.7,2024
Day'Ron Sharpe,-0.4,2024
Jonathan Isaac,1.4,2024
Markelle Fultz,-2.6,2024
Doug McDermott,-1.5,2024
Doug McDermott,-1.0,2024
Doug McDermott,-3.0,2024
Jaylin Williams,-0.8,2024
Nikola Jović,-0.9,2024
Bryce McGowens,-3.7,2024
Cam Whitmore,1.0,2024
Jaxson Hayes,-2.8,2024
Blake Wesley,-4.0,2024
Malachi Flynn,-2.0,2024
Malachi Flynn,-2.8,2024
Malachi Flynn,-1.7,2024
Malachi Flynn,-1.0,2024
Christian Wood,-2.6,2024
Zach LaVine,0.8,2024
Maxi Kleber,-2.3,2024
Justin Holiday,-2.5,2024
Chimezie Metu,-2.1,2024
Chimezie Metu,-1.6,2024
Chimezie Metu,-2.7,2024
Trendon Watford,-0.9,2024
Taylor Hendricks,-1.3,2024
Dwight Powell,-1.1,2024
Troy Brown Jr.,-2.8,2024
Troy Brown Jr.,-0.2,2024
Troy Brown Jr.,-5.3,2024
Marcus Morris,-2.5,2024
Marcus Morris,-2.3,2024
Marcus Morris,-3.2,2024
Caleb Houstan,-1.4,2024
Ben Sheppard,-3.3,2024
Jake LaRavia,-1.4,2024
Bismack Biyombo,-4.8,2024
Bismack Biyombo,-4.8,2024
Bismack Biyombo,-5.4,2024
JT Thor,-3.5,2024
Isaiah Jackson,0.3,2024
Mitchell Robinson,-0.3,2024
Jock Landale,-0.5,2024
Cody Martin,-4.1,2024
KJ Martin,-4.0,2024
KJ Martin,-6.8,2024
KJ Martin,-3.9,2024
Delon Wright,-2.0,2024
Delon Wright,-1.8,2024
Delon Wright,-2.4,2024
Ish Smith,-5.6,2024
Mo Bamba,-2.3,2024
Nick Smith Jr.,-3.1,2024
Landry Shamet,-2.7,2024
Chris Duarte,-3.5,2024
Jordan Nwora,-1.1,2024
Jordan Nwora,-1.8,2024
Jordan Nwora,-0.8,2024
LaMelo Ball,3.8,2024
Chris Boucher,-0.3,2024
Jacob Gilyard,-2.0,2024
Jacob Gilyard,-1.5,2024
Jacob Gilyard,-8.7,2024
Bruno Fernando,-3.1,2024
Dalen Terry,-3.4,2024
Gary Payton II,-1.3,2024
Mason Plumlee,-1.1,2024
Dāvis Bertāns,-0.8,2024
Dāvis Bertāns,3.2,2024
Dāvis Bertāns,-1.4,2024
Keita Bates-Diop,-1.5,2024
Keita Bates-Diop,-1.5,2024
Keita Bates-Diop,-1.3,2024
Jalen Wilson,-1.8,2024
Craig Porter Jr.,-0.6,2024
Rayan Rupert,-5.6,2024
Oshae Brissett,-2.0,2024
Danilo Gallinari,-0.8,2024
Danilo Gallinari,-0.8,2024
Danilo Gallinari,5.9,2024
Danilo Gallinari,-5.0,2024
Jordan McLaughlin,1.4,2024
Seth Curry,-2.6,2024
Seth Curry,-3.2,2024
Seth Curry,-1.1,2024
A.J. Green,-0.4,2024
Johnny Davis,-5.5,2024
MarJon Beauchamp,-2.3,2024
Marcus Smart,-3.3,2024
Mike Muscala,-3.9,2024
Mike Muscala,-4.4,2024
Mike Muscala,-1.7,2024
Mike Muscala,-6.4,2024
Jericho Sims,-2.4,2024
Brice Sensabaugh,-3.3,2024
Jarred Vanderbilt,-2.9,2024
Shake Milton,-4.3,2024
Shake Milton,-4.8,2024
Shake Milton,0.2,2024
Shake Milton,-5.7,2024
Evan Fournier,-4.7,2024
Evan Fournier,-11.8,2024
Evan Fournier,-4.2,2024
Zeke Nnaji,-3.8,2024
Trey Jemison,-4.7,2024
Trey Jemison,-30.3,2024
Trey Jemison,-4.7,2024
Andre Jackson Jr.,-3.6,2024
Jared Butler,-1.5,2024
Kevin Knox,-2.8,2024
Lamar Stevens,-2.2,2024
Lamar Stevens,-2.9,2024
Lamar Stevens,-2.0,2024
Richaun Holmes,-2.4,2024
Richaun Holmes,-2.4,2024
Richaun Holmes,-2.4,2024
Tristan Thompson,-2.1,2024
Julian Strawther,-4.6,2024
Omer Yurtseven,-1.6,2024
Vit Krejci,-3.3,2024
Bones Hyland,-2.8,2024
Jalen McDaniels,-7.2,2024
Scotty Pippen Jr.,-0.1,2024
Sasha Vezenkov,-0.2,2024
Danuel House Jr.,-3.4,2024
Mark Williams,1.6,2024
Jaden Springer,-4.9,2024
Jaden Springer,-4.5,2024
Jaden Springer,-6.0,2024
Patrick Baldwin Jr.,-4.0,2024
Robert Covington,-1.1,2024
Robert Covington,-2.3,2024
Robert Covington,-0.9,2024
P.J. Tucker,-4.0,2024
P.J. Tucker,-5.2,2024
P.J. Tucker,-3.9,2024
Tari Eason,-0.4,2024
Monte Morris,-0.8,2024
Monte Morris,-4.7,2024
Monte Morris,-0.2,2024
Bol Bol,1.4,2024
Isaiah Livers,-5.0,2024
Anthony Gill,-2.6,2024
Yuta Watanabe,-5.3,2024
Yuta Watanabe,-4.6,2024
Yuta Watanabe,-8.5,2024
Nassir Little,-2.4,2024
Sandro Mamukelashvili,-0.1,2024
Alex Len,-2.7,2024
Thomas Bryant,-0.6,2024
Thaddeus Young,-0.5,2024
Thaddeus Young,-0.2,2024
Thaddeus Young,-1.5,2024
Skylar Mays,-2.1,2024
Skylar Mays,-1.8,2024
Skylar Mays,-3.5,2024
Chuma Okeke,-3.2,2024
Dominick Barlow,-1.7,2024
Reggie Bullock,-2.9,2024
Patty Mills,-5.0,2024
Patty Mills,-4.1,2024
Patty Mills,-5.8,2024
Trent Forrest,-3.8,2024
Svi Mykhailiuk,-0.9,2024
Wesley Matthews,-3.1,2024
Aleksej Pokusevski,-1.8,2024
Aleksej Pokusevski,-7.7,2024
Aleksej Pokusevski,-0.8,2024
Luka Šamanić,-4.9,2024
Javon Freeman-Liberty,-3.1,2024
Derrick Rose,-1.3,2024
DeAndre Jordan,-1.7,2024
Kobe Brown,-4.0,2024
Lester Quiñones,-2.0,2024
Eugene Omoruyi,-1.9,2024
Matt Ryan,-1.4,2024
Justin Minaya,-5.1,2024
Johnny Juzang,-1.5,2024
Noah Clowney,-0.8,2024
Tosan Evbuomwan,-2.4,2024
Tosan Evbuomwan,-4.2,2024
Tosan Evbuomwan,-1.9,2024
Ousmane Dieng,-2.3,2024
Jontay Porter,-0.3,2024
Ben Simmons,-0.5,2024
Brandon Boston Jr.,-6.2,2024
Jarace Walker,-0.5,2024
JaVale McGee,-1.9,2024
Olivier-Maxence Prosper,-1.7,2024
Jeremiah Robinson-Earl,-1.9,2024
Neemias Queta,0.4,2024
Julian Phillips,-4.7,2024
Cody Zeller,-2.9,2024
Ja Morant,2.7,2024
Ashton Hagans,-4.4,2024
Devonte' Graham,-3.0,2024
A.J. Lawson,-3.1,2024
Nathan Mensah,-8.7,2024
Stanley Umude,-1.5,2024
Orlando Robinson,-1.9,2024
Furkan Korkmaz,-3.2,2024
Cory Joseph,-4.0,2024
Ricky Council IV,2.1,2024
Garrett Temple,-3.4,2024
Leaky Black,-2.6,2024
Lindy Waters III,2.4,2024
Kessler Edwards,-1.6,2024
Damian Jones,-1.7,2024
Onuralp Bitim,-5.4,2024
Kira Lewis Jr.,-4.4,2024
Kira Lewis Jr.,-6.4,2024
Kira Lewis Jr.,-22.1,2024
Kira Lewis Jr.,-1.6,2024
Jamal Cain,-2.5,2024
Jared Rhoden,-2.9,2024
Justin Champagnie,-1.1,2024
Javonte Green,1.9,2024
Ibou Badji,-7.7,2024
Collin Gillespie,-3.7,2024
Gabe Vincent,-6.9,2024
Markieff Morris,-4.0,2024
Jaylen Nowell,-4.1,2024
Jaylen Nowell,-5.9,2024
Jaylen Nowell,0.7,2024
Théo Maledon,-8.3,2024
Théo Maledon,-7.7,2024
Théo Maledon,-17.6,2024
Charles Bassey,-1.8,2024
Taj Gibson,-5.3,2024
Taj Gibson,-6.9,2024
Taj Gibson,1.2,2024
Moses Brown,-4.1,2024
Kenneth Lofton Jr.,-0.6,2024
Kenneth Lofton Jr.,-5.4,2024
Kenneth Lofton Jr.,-23.4,2024
Kenneth Lofton Jr.,6.9,2024
Kobe Bufkin,-4.3,2024
Colby Jones,-5.4,2024
Gui Santos,0.0,2024
Terry Taylor,-3.1,2024
Micah Potter,-1.4,2024
Saben Lee,-2.0,2024
Otto Porter Jr.,-3.5,2024
AJ Griffin,-6.0,2024
Joe Harris,-4.7,2024
Trevelin Queen,-4.7,2024
Zavier Simpson,-6.2,2024
Thanasis Antetokounmpo,-6.7,2024
Tristan Vukcevic,-3.5,2024
Darius Bazley,-0.9,2024
Darius Bazley,-7.7,2024
Darius Bazley,-0.4,2024
DeJon Jarreau,-4.6,2024
Jules Bernard,-0.6,2024
Jeff Dowtin Jr.,2.0,2024
Sidy Cissoko,-4.0,2024
Brandon Clarke,0.7,2024
Emoni Bates,-6.2,2024
Dru Smith,-1.8,2024
Jeenathan Williams,-0.8,2024
T.J. Warren,-5.0,2024
Timmy Allen,-10.3,2024
Jalen Pickett,-2.7,2024
Luka Garza,0.6,2024
Mãozinha Pereira,-1.2,2024
Jahmi'us Ramsey,-3.9,2024
Marques Bolden,-2.1,2024
Marques Bolden,-7.8,2024
Marques Bolden,-2.0,2024
Mouhamadou Gueye,-11.0,2024
Xavier Moon,-4.7,2024
Robert Williams,-2.2,2024
Brandon Williams,-2.7,2024
Udoka Azubuike,-3.0,2024
Matthew Hurt,-3.0,2024
Jalen Hood-Schifino,-12.4,2024
Dylan Windler,1.7,2024
Dylan Windler,3.7,2024
Dylan Windler,3.8,2024
Dylan Windler,0.6,2024
Malik Williams,-7.8,2024
Armoni Brooks,-2.2,2024
Maxwell Lewis,-10.3,2024
Harry Giles,-2.7,2024
Harry Giles,-1.1,2024
Harry Giles,-9.7,2024
Olivier Sarr,-2.6,2024
Jamaree Bouyea,-10.2,2024
Jamaree Bouyea,-13.0,2024
Jamaree Bouyea,-6.1,2024
Josh Minott,1.8,2024
Chris Livingston,-7.0,2024
Cole Swider,-2.1,2024
Admiral Schofield,-4.1,2024
Terquavion Smith,0.3,2024
Buddy Boeheim,-0.7,2024
Jordan Walsh,-5.6,2024
Jerome Robinson,-6.1,2024
James Bouknight,4.4,2024
Wenyen Gabriel,-10.6,2024
Ryan Rollins,0.6,2024
Ryan Rollins,0.6,2024
Ryan Rollins,0.6,2024
R.J. Hampton,-8.1,2024
Wendell Moore Jr.,-6.1,2024
Nate Hinton,1.9,2024
Mouhamed Gueye,-2.1,2024
Isaiah Mobley,-4.5,2024
Boban Marjanović,0.2,2024
Jason Preston,-2.5,2024
Jett Howard,-1.4,2024
Kobi Simmons,-2.6,2024
Keyontae Johnson,-7.5,2024
Adama Sanogo,-0.4,2024
Robin Lopez,-4.7,2024
Amari Bailey,-5.2,2024
Moussa Diabaté,4.0,2024
Jack White,-9.1,2024
Kendall Brown,-4.2,2024
Ish Wainright,-2.9,2024
Ish Wainright,-1.2,2024
Ish Wainright,-7.8,2024
Keon Johnson,-1.6,2024
Braxton Key,0.5,2024
Jermaine Samuels,-0.3,2024
Colin Castleton,-3.9,2024
TyTy Washington Jr.,-7.1,2024
Dereon Seabron,-2.7,2024
Juan Toscano-Anderson,-8.7,2024
Leonard Miller,5.9,2024
Seth Lundy,-7.7,2024
David Duke Jr.,-0.1,2024
Daishen Nix,-2.8,2024
Jay Huff,-0.3,2024
Hunter Tyson,-6.8,2024
James Johnson,-8.0,2024
DaQuan Jeffries,-5.6,2024
Ryan Arcidiacono,-11.5,2024
Frank Ntilikina,-10.0,2024
Oscar Tshiebwe,4.5,2024
D'Moi Hodge,-3.7,2024
Greg Brown III,-5.0,2024
Taze Moore,-2.5,2024
Alex Fudge,-3.7,2024
Alex Fudge,-9.9,2024
Alex Fudge,-0.4,2024
JD Davison,1.8,2024
RaiQuan Gray,5.6,2024
Jacob Toppin,0.6,2024
Jalen Slawson,-7.5,2024
Charlie Brown Jr.,-10.2,2024
D.J. Carton,-4.2,2024
Dexter Dennis,1.7,2024
Henri Drell,-5.1,2024
Jordan Miller,0.4,2024
Mason Jones,-5.4,2024
Pete Nance,-11.9,2024
Pat Spencer,-3.4,2024
Dariq Whitehead,-5.5,2024
Mamadi Diakite,0.8,2024
Mamadi Diakite,7.9,2024
Mamadi Diakite,-13.5,2024
E.J. Liddell,-8.7,2024
Drew Peterson,3.8,2024
Jordan Ford,3.3,2024
Isaiah Thomas,-1.6,2024
Usman Garuba,-10.8,2024
Danny Green,-7.4,2024
Alondes Williams,-17.8,2024
Ty Jerome,-4.1,2024
D.J. Wilson,15.5,2024
Adam Flagler,-6.7,2024
Andrew Funk,-12.4,2024
Quenton Jackson,-3.5,2024
Joshua Primo,-16.8,2024
Filip Petrušev,-4.7,2024
Filip Petrušev,-3.0,2024
Filip Petrušev,-5.5,2024
Lindell Wigginton,-14.6,2024
Kaiser Gates,-18.6,2024
Shaquille Harrison,-0.7,2024
Kevon Harris,-15.5,2024
Hamidou Diallo,2.7,2024
Ron Harper Jr.,-11.7,2024
Markquis Nowell,29.1,2024
Isaiah Wong,-11.3,2024
Izaiah Brockington,-9.2,2024
Malcolm Cazalon,-6.0,2024
Jalen Crutcher,-18.5,2024
Dmytro Skapintsev,-16.0,2024
Justin Jackson,-6.3,2024
Javonte Smart,-6.2,2024
Mikal Bridges,0.4,2025
Josh Hart,1.1,2025
Anthony Edwards,4.4,2025
Devin Booker,2.8,2025
James Harden,3.5,2025
DeMar DeRozan,1.2,2025
Trae Young,3.3,2025
Tyler Herro,3.8,2025
OG Anunoby,0.7,2025
Jalen Green,1.1,2025
Christian Braun,0.8,2025
Bam Adebayo,1.0,2025
Ivica Zubac,2.3,2025
Jayson Tatum,4.4,2025
Jaden McDaniels,-1.4,2025
Keegan Murray,-0.8,2025
Zach LaVine,2.3,2025
Zach LaVine,2.7,2025
Zach LaVine,1.8,2025
Shai Gilgeous-Alexander,8.9,2025
Michael Porter Jr.,1.6,2025
Derrick White,2.7,2025
Dyson Daniels,-1.1,2025
Nikola Jokić,9.9,2025
Austin Reaves,2.4,2025
Toumani Camara,-0.9,2025
Pascal Siakam,2.2,2025
Brook Lopez,0.4,2025
Karl-Anthony Towns,3.5,2025
Bub Carrington,-3.3,2025
Cade Cunningham,3.8,2025
Tyrese Haliburton,5.7,2025
Coby White,0.5,2025
LeBron James,4.9,2025
Domantas Sabonis,4.2,2025
Jamal Murray,1.8,2025
Alperen Şengün,2.6,2025
Dillon Brooks,-1.4,2025
Rudy Gobert,0.6,2025
Tobias Harris,-0.5,2025
Darius Garland,3.9,2025
Jalen Brunson,4.7,2025
Jarrett Allen,3.0,2025
Chris Paul,0.3,2025
Anfernee Simons,1.5,2025
Giannis Antetokounmpo,6.9,2025
Malik Beasley,2.0,2025
Kentavious Caldwell-Pope,-3.0,2025
Nikola Vučević,2.5,2025
Payton Pritchard,3.4,2025
Kevin Durant,3.9,2025
Shaedon Sharpe,0.0,2025
Stephen Curry,6.4,2025
De'Aaron Fox,1.3,2025
De'Aaron Fox,2.0,2025
De'Aaron Fox,-0.6,2025
Jalen Williams,2.7,2025
Donovan Mitchell,3.8,2025
Harrison Barnes,1.7,2025
Julius Randle,1.5,2025
Amen Thompson,1.4,2025
Jaren Jackson Jr.,1.6,2025
Desmond Bane,2.6,2025
Naz Reid,0.8,2025
Tyus Jones,1.4,2025
Myles Turner,0.0,2025
Evan Mobley,3.1,2025
Taurean Prince,-2.0,2025
Stephon Castle,-1.5,2025
Deni Avdija,1.5,2025
Jaylen Brown,0.4,2025
Tim Hardaway Jr.,-1.1,2025
Bennedict Mathurin,-1.3,2025
Spencer Dinwiddie,-0.9,2025
Scottie Barnes,1.5,2025
Max Christie,-2.1,2025
Max Christie,-1.8,2025
Max Christie,-2.4,2025
Josh Giddey,1.9,2025
Fred VanVleet,-0.4,2025
Keyonte George,-0.2,2025
Dennis Schröder,-1.3,2025
Dennis Schröder,1.1,2025
Dennis Schröder,-4.6,2025
Dennis Schröder,-0.9,2025
Damian Lillard,4.7,2025
Russell Westbrook,-0.9,2025
Kelly Oubre Jr.,-1.7,2025
Nickeil Alexander-Walker,-0.8,2025
Luguentz Dort,-0.6,2025
Onyeka Okongwu,1.2,2025
Malik Monk,0.3,2025
Jaylen Wells,-1.2,2025
Jalen Duren,1.6,2025
Jalen Wilson,-2.6,2025
Miles Bridges,2.3,2025
Davion Mitchell,-2.8,2025
Davion Mitchell,-4.0,2025
Davion Mitchell,-1.5,2025
Franz Wagner,2.6,2025
Quentin Grimes,1.3,2025
Quentin Grimes,0.1,2025
Quentin Grimes,2.7,2025
Jordan Poole,2.0,2025
Draymond Green,-2.3,2025
Devin Vassell,-0.3,2025
Klay Thompson,0.7,2025
Tyrese Maxey,3.2,2025
Norman Powell,1.7,2025
Yves Missi,-1.6,2025
Keon Ellis,-0.1,2025
Bilal Coulibaly,-3.0,2025
Kyle Kuzma,-2.9,2025
Kyle Kuzma,-3.0,2025
Kyle Kuzma,-2.9,2025
Julian Champagnie,-0.3,2025
Keon Johnson,-3.1,2025
Naji Marshall,-0.3,2025
Jrue Holiday,-0.3,2025
Guerschon Yabusele,0.1,2025
Gary Trent Jr.,-1.2,2025
Anthony Black,-3.1,2025
Josh Green,-4.5,2025
Nic Claxton,-1.1,2025
Andrew Nembhard,-2.6,2025
Cason Wallace,-1.5,2025
Derrick Jones Jr.,-1.0,2025
Rui Hachimura,-0.1,2025
RJ Barrett,1.2,2025
Buddy Hield,-0.7,2025
Trey Murphy III,2.1,2025
Zaccharie Risacher,-1.7,2025
Andrew Wiggins,1.2,2025
Andrew Wiggins,1.4,2025
Andrew Wiggins,0.8,2025
Isaiah Collier,-3.8,2025
Keldon Johnson,0.0,2025
Royce O'Neale,0.2,2025
P.J. Washington,-1.1,2025
CJ McCollum,1.2,2025
Haywood Highsmith,-2.7,2025
Dorian Finney-Smith,-1.1,2025
Dorian Finney-Smith,-0.1,2025
Dorian Finney-Smith,-1.6,2025
Alex Sarr,-2.2,2025
Kyrie Irving,3.9,2025
Kyshawn George,-3.8,2025
Cameron Johnson,3.5,2025
Duncan Robinson,-0.7,2025
Kris Dunn,-2.8,2025
Luka Dončić,5.5,2025
Luka Dončić,5.5,2025
Luka Dončić,5.5,2025
Scoot Henderson,-1.4,2025
Wendell Carter Jr.,-2.2,2025
Collin Sexton,1.7,2025
Mike Conley,-0.1,2025
Amir Coffey,-1.5,2025
Jimmy Butler,4.0,2025
Jimmy Butler,4.2,2025
Jimmy Butler,3.8,2025
Aaron Wiggins,1.3,2025
Walker Kessler,1.1,2025
De'Andre Hunter,1.2,2025
De'Andre Hunter,0.9,2025
De'Andre Hunter,1.6,2025
Ochai Agbaji,-0.9,2025
Brandin Podziemski,-0.1,2025
Jabari Smith Jr.,-0.8,2025
Anthony Davis,3.9,2025
Anthony Davis,4.5,2025
Anthony Davis,1.2,2025
Bradley Beal,-0.1,2025
Georges Niang,-1.1,2025
Georges Niang,-1.3,2025
Georges Niang,-0.8,2025
Jakob Poeltl,0.7,2025
Scotty Pippen Jr.,0.0,2025
Kevin Huerter,-1.8,2025
Kevin Huerter,-2.3,2025
Kevin Huerter,-1.2,2025
Santi Aldama,2.5,2025
A.J. Green,-1.7,2025
Al Horford,0.1,2025
Terry Rozier,-2.6,2025
Peyton Watson,-2.1,2025
Moses Moody,-0.9,2025
Tristan Da Silva,-2.3,2025
Donte DiVincenzo,0.8,2025
Isaiah Joe,1.4,2025
Corey Kispert,-1.4,2025
Caris LeVert,0.8,2025
Caris LeVert,0.5,2025
Caris LeVert,1.1,2025
Miles McBride,-0.4,2025
Isaiah Hartenstein,0.6,2025
Gradey Dick,-1.9,2025
Paolo Banchero,3.4,2025
Patrick Williams,-3.0,2025
Obi Toppin,1.8,2025
Grayson Allen,0.7,2025
Sam Hauser,0.9,2025
Ziaire Williams,-2.2,2025
Gabe Vincent,-3.8,2025
Victor Wembanyama,3.6,2025
Jerami Grant,-1.4,2025
Jonas Valančiūnas,0.8,2025
Jonas Valančiūnas,0.8,2025
Jonas Valančiūnas,0.6,2025
Kyle Filipowski,-0.6,2025
Ja Morant,3.1,2025
Matas Buzelis,-2.0,2025
LaMelo Ball,4.1,2025
Dalton Knecht,-0.1,2025
Kevin Porter Jr.,-1.6,2025
Kevin Porter Jr.,-3.2,2025
Kevin Porter Jr.,0.9,2025
D'Angelo Russell,0.0,2025
D'Angelo Russell,-0.7,2025
D'Angelo Russell,0.8,2025
Lauri Markkanen,1.8,2025
Luke Kennard,0.9,2025
Jamal Shead,-3.2,2025
Aaron Gordon,2.7,2025
Isaiah Stewart,-1.6,2025
Brice Sensabaugh,0.4,2025
Goga Bitadze,-0.3,2025
Kel'el Ware,-0.7,2025
Tari Eason,1.0,2025
Zach Edey,-0.2,2025
T.J. McConnell,0.6,2025
Terance Mann,-1.4,2025
Terance Mann,-2.5,2025
Terance Mann,-0.1,2025
Ryan Dunn,-2.9,2025
Sam Merrill,-0.4,2025
Ayo Dosunmu,-1.4,2025
Ty Jerome,3.5,2025
Julian Strawther,-3.1,2025
Nick Smith Jr.,-3.2,2025
Jaime Jaquez Jr.,-1.4,2025
Nicolas Batum,-1.2,2025
Jose Alvarado,-0.6,2025
Jeremy Sochan,-0.8,2025
Luke Kornet,1.6,2025
Trey Lyles,-0.4,2025
Jake LaRavia,-0.8,2025
Jake LaRavia,-0.2,2025
Jake LaRavia,-2.5,2025
Bogdan Bogdanović,-1.8,2025
Bogdan Bogdanović,-4.1,2025
Bogdan Bogdanović,0.1,2025
Justin Champagnie,-0.3,2025
Paul George,-0.5,2025
Ausar Thompson,-0.8,2025
Donovan Clingan,-1.7,2025
Jordan Hawkins,-2.4,2025
Tyrese Martin,-1.4,2025
Mason Plumlee,-1.5,2025
Jonathan Mogbo,-2.9,2025
Jalen Johnson,0.5,2025
Max Strus,1.1,2025
Johnny Juzang,-0.9,2025
Ron Holland,-3.3,2025
Javonte Green,-2.8,2025
Javonte Green,-2.5,2025
Javonte Green,-4.4,2025
Nick Richards,-2.0,2025
Nick Richards,-2.3,2025
Nick Richards,-1.9,2025
Dean Wade,-1.0,2025
Ricky Council IV,-2.0,2025
Tidjane Salaün,-4.3,2025
Bobby Portis,0.6,2025
Moussa Diabaté,-1.4,2025
Jeremiah Robinson-Earl,-0.9,2025
Simone Fontecchio,-2.2,2025
Cole Anthony,-0.8,2025
Ben Sheppard,-2.2,2025
Daniel Gafford,2.7,2025
John Collins,1.4,2025
Caleb Martin,-2.9,2025
Caleb Martin,-2.3,2025
Caleb Martin,-5.0,2025
Kristaps Porziņģis,3.5,2025
Brandon Clarke,0.0,2025
Deandre Ayton,-0.3,2025
Jarace Walker,-1.8,2025
Kawhi Leonard,2.5,2025
Clint Capela,-0.6,2025
Cody Martin,-2.8,2025
Cody Martin,-2.3,2025
Cody Martin,-4.9,2025
Mark Williams,2.5,2025
Precious Achiuwa,-2.1,2025
Nikola Jović,-0.3,2025
Justin Edwards,-2.1,2025
Vit Krejci,0.0,2025
Jonathan Kuminga,-0.5,2025
Kevon Looney,-1.0,2025
Kenrich Williams,-0.4,2025
Julian Phillips,-2.6,2025
Aaron Nesmith,0.0,2025
Dalano Banton,-0.6,2025
Ben Simmons,-2.3,2025
Ben Simmons,-2.4,2025
Ben Simmons,-1.9,2025
Ja'Kobe Walter,-2.3,2025
Jaxson Hayes,-1.6,2025
Cameron Payne,-0.1,2025
Jonathan Isaac,-1.1,2025
DaQuan Jeffries,-4.0,2025
Jusuf Nurkić,-2.2,2025
Jusuf Nurkić,-3.9,2025
Jusuf Nurkić,-0.1,2025
Seth Curry,-0.8,2025
Cody Williams,-6.1,2025
Isaac Okoro,-1.1,2025
Oso Ighodaro,-2.9,2025
Jared Butler,0.5,2025
Jared Butler,2.2,2025
Jared Butler,-0.4,2025
Jamison Battle,-0.9,2025
Noah Clowney,-3.1,2025
Alex Caruso,0.1,2025
Kris Murray,-3.1,2025
Dejounte Murray,-1.3,2025
Jalen Suggs,-0.8,2025
Kyle Anderson,-0.6,2025
Kyle Anderson,-0.3,2025
Kyle Anderson,-1.0,2025
Brandon Boston Jr.,-2.3,2025
Dalen Terry,-4.0,2025
Andre Jackson Jr.,-3.6,2025
Zach Collins,-0.8,2025
Zach Collins,-1.6,2025
Zach Collins,-0.1,2025
Trayce Jackson-Davis,0.3,2025
Thomas Bryant,0.7,2025
Thomas Bryant,-1.1,2025
Thomas Bryant,0.9,2025
Jalen Smith,1.5,2025
Jordan Clarkson,0.6,2025
Gary Payton II,-0.5,2025
Brandon Miller,0.8,2025
Bruce Brown,-3.2,2025
Bruce Brown,-2.7,2025
Bruce Brown,-3.4,2025
Immanuel Quickley,3.2,2025
Trendon Watford,-2.3,2025
KJ Martin,-3.2,2025
KJ Martin,-2.1,2025
KJ Martin,-4.6,2025
Jaden Hardy,-2.8,2025
Day'Ron Sharpe,0.0,2025
Adem Bona,-2.9,2025
Tre Jones,0.5,2025
Tre Jones,-1.2,2025
Tre Jones,2.1,2025
Jaden Ivey,0.8,2025
Kelly Olynyk,-1.1,2025
Kelly Olynyk,-0.7,2025
Kelly Olynyk,-1.4,2025
Chet Holmgren,0.5,2025
Neemias Queta,-1.7,2025
Alec Burks,0.0,2025
Chris Boucher,2.9,2025
Zion Williamson,5.9,2025
Khris Middleton,0.4,2025
Khris Middleton,1.7,2025
Khris Middleton,-1.9,2025
KJ Simpson,-4.5,2025
Shake Milton,-1.7,2025
Shake Milton,-0.8,2025
Shake Milton,-3.1,2025
Dereck Lively II,1.1,2025
Garrison Mathews,-1.1,2025
Cam Whitmore,0.7,2025
Ryan Rollins,-1.4,2025
Marcus Sasser,-0.4,2025
Steven Adams,0.0,2025
Aaron Holiday,-0.4,2025
Karlo Matković,-1.9,2025
Caleb Houstan,-2.4,2025
Vasilije Micić,-4.6,2025
Vasilije Micić,-4.4,2025
Vasilije Micić,-10.7,2025
Jaylin Williams,1.5,2025
Pelle Larsson,-3.8,2025
Cam Thomas,2.8,2025
Lindy Waters III,-3.0,2025
Lindy Waters III,-3.5,2025
Lindy Waters III,-0.5,2025
Lonzo Ball,-1.5,2025
Orlando Robinson,-3.0,2025
Orlando Robinson,-4.1,2025
Orlando Robinson,-2.9,2025
Eric Gordon,-0.8,2025
Gui Santos,-2.2,2025
Landry Shamet,-1.9,2025
Svi Mykhailiuk,-1.4,2025
Andre Drummond,-2.4,2025
Jabari Walker,-1.2,2025
Jay Huff,2.5,2025
Drew Eubanks,-1.2,2025
Drew Eubanks,-0.9,2025
Drew Eubanks,-2.4,2025
Talen Horton-Tucker,-1.4,2025
Gary Harris,-3.9,2025
Micah Potter,-2.9,2025
Jett Howard,-4.1,2025
DeAndre Jordan,-1.4,2025
Quinten Post,0.1,2025
Blake Wesley,-3.9,2025
Sandro Mamukelashvili,3.3,2025
Marcus Smart,-1.6,2025
Marcus Smart,-1.7,2025
Marcus Smart,-1.5,2025
Jalen Pickett,-0.8,2025
Tosan Evbuomwan,-3.0,2025
Antonio Reeves,-1.2,2025
Kyle Lowry,-2.8,2025
Reed Sheppard,-3.0,2025
Herbert Jones,-3.9,2025
AJ Johnson,-5.6,2025
AJ Johnson,-3.1,2025
AJ Johnson,-5.8,2025
Maxi Kleber,-4.2,2025
Delon Wright,-2.8,2025
Delon Wright,-4.1,2025
Delon Wright,-0.6,2025
Jericho Sims,-3.1,2025
Jericho Sims,-3.3,2025
Jericho Sims,-2.8,2025
Josh Okogie,-0.1,2025
Josh Okogie,0.1,2025
Josh Okogie,-0.3,2025
Jeff Dowtin Jr.,0.7,2025
Daniel Theis,-3.3,2025
Cory Joseph,-2.3,2025
Zeke Nnaji,-2.1,2025
Kessler Edwards,-2.0,2025
Pat Connaughton,-1.4,2025
Ajay Mitchell,-2.5,2025
Brandon Ingram,1.4,2025
Jared McCain,1.8,2025
Cam Reddish,-4.4,2025
Jae'Sean Tate,-2.1,2025
Olivier-Maxence Prosper,-1.6,2025
Jarred Vanderbilt,-2.3,2025
Joel Embiid,3.7,2025
Monte Morris,-1.0,2025
Moritz Wagner,2.6,2025
Malcolm Brogdon,-0.1,2025
John Konchar,-0.7,2025
Dwight Powell,-1.5,2025
Dillon Jones,-4.3,2025
Jordan Goodwin,-1.7,2025
Richaun Holmes,1.2,2025
Mouhamed Gueye,-1.6,2025
Bismack Biyombo,-3.6,2025
Jaylen Clark,-2.9,2025
Rob Dillingham,-3.3,2025
Colby Jones,-3.3,2025
Colby Jones,-3.9,2025
Colby Jones,-3.1,2025
Craig Porter Jr.,0.1,2025
Tristan Vukcevic,0.4,2025
Elfrid Payton,-5.1,2025
Elfrid Payton,-3.6,2025
Elfrid Payton,-9.9,2025
Jamal Cain,-2.5,2025
Keaton Wallace,-3.3,2025
Jock Landale,0.0,2025
Vince Williams Jr.,-2.5,2025
Wendell Moore Jr.,-2.6,2025
Wendell Moore Jr.,-1.7,2025
Wendell Moore Jr.,-3.2,2025
Brandon Williams,1.0,2025
A.J. Lawson,-1.5,2025
Grant Williams,-2.3,2025
Lonnie Walker IV,0.0,2025
Duop Reath,0.2,2025
Reece Beekman,-6.7,2025
Reece Beekman,9.8,2025
Reece Beekman,-6.8,2025
Kai Jones,1.4,2025
Kai Jones,-2.0,2025
Kai Jones,4.2,2025
Larry Nance Jr.,1.1,2025
Collin Gillespie,2.3,2025
Rayan Rupert,-4.1,2025
GG Jackson II,-3.3,2025
Jaylon Tyson,-2.4,2025
Bol Bol,1.7,2025
Paul Reed,-1.2,2025
Colin Castleton,-4.0,2025
Colin Castleton,-6.1,2025
Colin Castleton,-5.0,2025
Colin Castleton,-0.3,2025
Trevelin Queen,-2.6,2025
Malaki Branham,-1.2,2025
Jordan Miller,-3.0,2025
Mo Bamba,-2.7,2025
Mo Bamba,-2.6,2025
Mo Bamba,-3.4,2025
David Roddy,-1.6,2025
David Roddy,-1.6,2025
David Roddy,3.2,2025
David Roddy,-5.1,2025
Taj Gibson,-5.2,2025
Ousmane Dieng,-2.0,2025
Jordan Walsh,-4.4,2025
Hunter Tyson,-3.3,2025
Anthony Gill,-3.0,2025
Devin Carter,-3.5,2025
Jeff Green,0.3,2025
Trey Jemison,-6.3,2025
Trey Jemison,-5.8,2025
Trey Jemison,-6.7,2025
Reggie Jackson,-3.2,2025
Baylor Scheierman,-2.5,2025
Quenton Jackson,-1.2,2025
Alex Len,-3.9,2025
Alex Len,-2.1,2025
Alex Len,-7.6,2025
Johnny Furphy,-3.0,2025
Charles Bassey,-1.7,2025
Dominick Barlow,-1.4,2025
Dante Exum,-1.2,2025
Damion Baugh,-5.9,2025
Jaden Springer,-4.3,2025
Jaden Springer,-4.4,2025
Jaden Springer,-4.3,2025
Robert Williams,-0.1,2025
Doug McDermott,-0.8,2025
Christian Koloko,-3.0,2025
Terrence Shannon Jr.,-2.1,2025
Keion Brooks Jr.,-2.2,2025
Tristan Thompson,-4.9,2025
Maxwell Lewis,-3.2,2025
Maxwell Lewis,-6.6,2025
Maxwell Lewis,-2.9,2025
Jevon Carter,-1.0,2025
Patty Mills,-3.2,2025
Patty Mills,-4.5,2025
Patty Mills,2.2,2025
Tre Mann,-0.6,2025
Jalen Hood-Schifino,-4.4,2025
Jalen Hood-Schifino,-3.9,2025
Jalen Hood-Schifino,-4.5,2025
Torrey Craig,-1.0,2025
Torrey Craig,3.4,2025
Torrey Craig,-3.4,2025
Jordan McLaughlin,-1.6,2025
Jordan McLaughlin,-3.9,2025
Jordan McLaughlin,1.8,2025
Matisse Thybulle,0.0,2025
Isaac Jones,-0.9,2025
Tyler Kolek,-2.6,2025
Mitchell Robinson,1.5,2025
Josh Minott,-0.7,2025
Kobe Brown,-2.5,2025
Dru Smith,-1.3,2025
Isaiah Wong,-2.9,2025
Marvin Bagley III,0.4,2025
Marvin Bagley III,1.0,2025
Marvin Bagley III,-0.5,2025
Oscar Tshiebwe,0.6,2025
Drew Timme,-3.9,2025
Marcus Bagley,-3.4,2025
Cam Spencer,0.3,2025
Kevin Love,-0.3,2025
Pat Spencer,-3.0,2025
JT Thor,-4.3,2025
JT Thor,-1.2,2025
JT Thor,-4.9,2025
Branden Carlson,0.5,2025
Dariq Whitehead,-1.5,2025
Johnny Davis,-3.5,2025
Jaylen Martin,-4.5,2025
Jaylen Martin,4.0,2025
Jaylen Martin,-4.6,2025
Bones Hyland,0.9,2025
Bones Hyland,1.2,2025
Bones Hyland,-3.3,2025
Xavier Tillman Sr.,-8.4,2025
Garrett Temple,-5.7,2025
Jared Rhoden,-0.5,2025
Jared Rhoden,-7.4,2025
Jared Rhoden,-0.1,2025
Luka Garza,-0.4,2025
Ariel Hukporti,-6.5,2025
Alex Reese,-0.9,2025
Alex Reese,23.2,2025
Alex Reese,-1.1,2025
Dario Šarić,-4.4,2025
Adam Flagler,-8.1,2025
Chuma Okeke,1.6,2025
Chuma Okeke,2.3,2025
Chuma Okeke,-3.6,2025
Drew Peterson,-1.8,2025
Markelle Fultz,-4.5,2025
Lester Quiñones,-3.2,2025
Lester Quiñones,-3.7,2025
Lester Quiñones,-3.1,2025
Bronny James,-5.9,2025
Enrique Freeman,-4.9,2025
Cole Swider,-4.9,2025
Cole Swider,-14.6,2025
Cole Swider,-4.1,2025
Jaylen Nowell,-3.2,2025
Markieff Morris,-5.2,2025
Markieff Morris,-10.3,2025
Markieff Morris,-3.5,2025
Killian Hayes,-0.5,2025
MarJon Beauchamp,-2.7,2025
MarJon Beauchamp,-4.7,2025
MarJon Beauchamp,5.9,2025
MarJon Beauchamp,3.4,2025
Lamar Stevens,-3.6,2025
Tyson Etienne,-5.7,2025
Josh Richardson,-7.3,2025
Jeenathan Williams,-5.5,2025
Bruno Fernando,-3.0,2025
Damion Lee,-2.9,2025
Oshae Brissett,-3.7,2025
Elijah Harkless,-5.2,2025
Pete Nance,-3.1,2025
Pete Nance,-4.4,2025
Pete Nance,-1.8,2025
Vlatko Čančar,-6.5,2025
Kylor Kelley,-3.5,2025
Kylor Kelley,-0.6,2025
Kylor Kelley,-6.8,2025
Alex Ducas,-2.1,2025
Spencer Jones,-7.7,2025
Kobe Bufkin,-3.4,2025
Tyler Smith,0.4,2025
De'Anthony Melton,-1.6,2025
Moses Brown,-0.3,2025
Moses Brown,-3.9,2025
Moses Brown,1.9,2025
TyTy Washington Jr.,-5.6,2025
Trey Alexander,-7.9,2025
Joe Ingles,-6.9,2025
Sidy Cissoko,-4.8,2025
Sidy Cissoko,-1.6,2025
Sidy Cissoko,-7.7,2025
Tony Bradley,1.5,2025
Jaylen Sims,-2.8,2025
Pacome Dadiet,-4.9,2025
Patrick Baldwin Jr.,2.4,2025
Patrick Baldwin Jr.,1.3,2025
Patrick Baldwin Jr.,19.9,2025
Chris Livingston,-5.0,2025
Jae Crowder,-3.8,2025
Justin Minaya,-7.1,2025
Keshad Johnson,-1.0,2025
Yuki Kawamura,-2.6,2025
JD Davison,-5.9,2025
Luke Travers,-7.8,2025
Stanley Umude,-7.5,2025
Kevin Knox,-0.7,2025
Isaiah Jackson,-1.0,2025
Marcus Garrett,-5.4,2025
Jacob Toppin,-1.8,2025
Jacob Toppin,-6.4,2025
Jacob Toppin,6.6,2025
Emoni Bates,-0.5,2025
Taylor Hendricks,-4.8,2025
Chris Duarte,2.2,2025
Daeqwon Plowden,1.5,2025
RayJ Dennis,-2.2,2025
Josh Christopher,-7.5,2025
Matt Ryan,-5.1,2025
Armel Traoré,-9.5,2025
PJ Hall,-0.7,2025
Nae'Qwan Tomlin,-3.0,2025
Jamaree Bouyea,-4.6,2025
Cam Christie,-5.5,2025
P.J. Tucker,-4.8,2025
Jazian Gortman,-5.5,2025
Liam Robbins,-9.2,2025
E.J. Liddell,-2.7,2025
Jackson Rowe,-0.5,2025
N'Faly Dante,0.7,2025
Isaiah Crawford,-3.4,2025
Mason Jones,3.5,2025
Phillip Wheeler,-12.0,2025
Malachi Flynn,-4.4,2025
Jack McVeigh,-4.8,2025
Bobi Klintman,-1.0,2025
James Johnson,-9.6,2025
PJ Dozier,-2.0,2025
Harrison Ingram,-3.6,2025
Miles Norris,-2.3,2025
David Duke Jr.,-0.1,2025
D.J. Carton,-10.4,2025
Bryce McGowens,-9.9,2025
Leonard Miller,-3.4,2025
Ulrich Chomche,-6.1,2025
Jalen Bridges,-7.8,2025
Jahmir Young,1.2,2025
Kevin McCullar Jr.,-8.5,2025
Trentyn Flowers,-7.1,2025
Emanuel Miller,-0.9,2025
Daniss Jenkins,-10.2,2025
Anton Watson,-8.3,2025
Tolu Smith,-2.4,2025
Malevy Leons,-10.4,2025
Adama Sanogo,0.7,2025
Taze Moore,-3.9,2025
Ron Harper Jr.,-5.5,2025
Isaiah Mobley,0.0,2025
Yuri Collins,-6.2,2025
Tristen Newton,-16.7,2025
Tristen Newton,-21.9,2025
Tristen Newton,-11.4,2025
Daishen Nix,-14.9,2025
Skal Labissière,3.3,2025
Braxton Key,-13.9,2025
Cui Yongxi,-16.8,2025
Mac McClung,-10.2,2025
Quincy Olivari,-10.1,2025
Terence Davis,-12.8,2025
Jalen McDaniels,-0.5,2025
Riley Minix,-8.5,2025
Isaiah Stevens,-19.5,2025
Terry Taylor,3.2,2025
Jesse Edwards,-8.8,2025
James Wiseman,6.0,2025
Alondes Williams,37.9,2025
Zyon Pullin,-15.0,2025
Jahlil Okafor,2.5,2025
